-- MySQL dump 10.13  Distrib 8.0.42, for Win64 (x86_64)
--
-- Host: localhost    Database: leave_management_system
-- ------------------------------------------------------
-- Server version	9.1.0

/*!40101 SET @OLD_CHARACTER_SET_CLIENT=@@CHARACTER_SET_CLIENT */;
/*!40101 SET @OLD_CHARACTER_SET_RESULTS=@@CHARACTER_SET_RESULTS */;
/*!40101 SET @OLD_COLLATION_CONNECTION=@@COLLATION_CONNECTION */;
/*!50503 SET NAMES utf8 */;
/*!40103 SET @OLD_TIME_ZONE=@@TIME_ZONE */;
/*!40103 SET TIME_ZONE='+00:00' */;
/*!40014 SET @OLD_UNIQUE_CHECKS=@@UNIQUE_CHECKS, UNIQUE_CHECKS=0 */;
/*!40014 SET @OLD_FOREIGN_KEY_CHECKS=@@FOREIGN_KEY_CHECKS, FOREIGN_KEY_CHECKS=0 */;
/*!40101 SET @OLD_SQL_MODE=@@SQL_MODE, SQL_MODE='NO_AUTO_VALUE_ON_ZERO' */;
/*!40111 SET @OLD_SQL_NOTES=@@SQL_NOTES, SQL_NOTES=0 */;

--
-- Table structure for table `attendance_types`
--

DROP TABLE IF EXISTS `attendance_types`;
/*!40101 SET @saved_cs_client     = @@character_set_client */;
/*!50503 SET character_set_client = utf8mb4 */;
CREATE TABLE `attendance_types` (
  `id` int NOT NULL AUTO_INCREMENT,
  `name` varchar(50) DEFAULT NULL,
  `created_at` timestamp NULL DEFAULT CURRENT_TIMESTAMP,
  `updated_at` timestamp NULL DEFAULT CURRENT_TIMESTAMP ON UPDATE CURRENT_TIMESTAMP,
  PRIMARY KEY (`id`)
) ENGINE=MyISAM AUTO_INCREMENT=4 DEFAULT CHARSET=utf8mb4 COLLATE=utf8mb4_0900_ai_ci;
/*!40101 SET character_set_client = @saved_cs_client */;

--
-- Dumping data for table `attendance_types`
--

LOCK TABLES `attendance_types` WRITE;
/*!40000 ALTER TABLE `attendance_types` DISABLE KEYS */;
INSERT INTO `attendance_types` VALUES (1,'time_in','2025-09-21 13:51:39','2025-09-21 13:51:39'),(2,'time_out','2025-09-21 13:51:39','2025-09-21 13:51:39'),(3,'on_leave','2025-09-21 13:51:39','2025-09-21 13:51:39');
/*!40000 ALTER TABLE `attendance_types` ENABLE KEYS */;
UNLOCK TABLES;

--
-- Table structure for table `attendances`
--

DROP TABLE IF EXISTS `attendances`;
/*!40101 SET @saved_cs_client     = @@character_set_client */;
/*!50503 SET character_set_client = utf8mb4 */;
CREATE TABLE `attendances` (
  `id` int NOT NULL AUTO_INCREMENT,
  `employee_id` int DEFAULT NULL,
  `attendance_type_id` int DEFAULT NULL,
  `work_hour` decimal(5,2) DEFAULT NULL,
  `time_in` timestamp NULL DEFAULT NULL,
  `time_out` timestamp NULL DEFAULT NULL,
  `created_at` timestamp NULL DEFAULT CURRENT_TIMESTAMP,
  `updated_at` timestamp NULL DEFAULT CURRENT_TIMESTAMP ON UPDATE CURRENT_TIMESTAMP,
  PRIMARY KEY (`id`),
  KEY `employee_id` (`employee_id`),
  KEY `attendance_type_id` (`attendance_type_id`)
) ENGINE=InnoDB AUTO_INCREMENT=135 DEFAULT CHARSET=utf8mb4 COLLATE=utf8mb4_0900_ai_ci;
/*!40101 SET character_set_client = @saved_cs_client */;

--
-- Dumping data for table `attendances`
--

LOCK TABLES `attendances` WRITE;
/*!40000 ALTER TABLE `attendances` DISABLE KEYS */;
INSERT INTO `attendances` VALUES (129,51,2,-0.33,'2025-09-25 08:52:52','2025-09-25 08:52:54','2025-09-25 08:52:52','2025-09-25 08:52:54'),(130,52,2,-0.33,'2025-09-25 09:32:29','2025-09-25 09:32:32','2025-09-25 09:32:29','2025-09-25 09:32:32'),(131,57,2,-0.33,'2025-09-25 23:09:47','2025-09-25 23:09:49','2025-09-25 23:09:47','2025-09-25 23:09:49'),(132,56,2,-0.33,'2025-09-26 02:26:21','2025-09-26 02:26:23','2025-09-26 02:26:21','2025-09-26 02:26:23'),(133,52,2,-0.33,'2025-09-26 02:40:31','2025-09-26 02:40:34','2025-09-26 02:40:31','2025-09-26 02:40:34'),(134,58,2,-0.29,'2025-09-26 04:10:28','2025-09-26 05:09:47','2025-09-26 04:10:28','2025-09-26 05:09:47');
/*!40000 ALTER TABLE `attendances` ENABLE KEYS */;
UNLOCK TABLES;

--
-- Table structure for table `employee_genders`
--

DROP TABLE IF EXISTS `employee_genders`;
/*!40101 SET @saved_cs_client     = @@character_set_client */;
/*!50503 SET character_set_client = utf8mb4 */;
CREATE TABLE `employee_genders` (
  `id` int NOT NULL AUTO_INCREMENT,
  `name` varchar(50) DEFAULT NULL,
  `created_at` timestamp NULL DEFAULT CURRENT_TIMESTAMP,
  `updated_at` timestamp NULL DEFAULT CURRENT_TIMESTAMP ON UPDATE CURRENT_TIMESTAMP,
  PRIMARY KEY (`id`)
) ENGINE=InnoDB AUTO_INCREMENT=3 DEFAULT CHARSET=utf8mb4 COLLATE=utf8mb4_0900_ai_ci;
/*!40101 SET character_set_client = @saved_cs_client */;

--
-- Dumping data for table `employee_genders`
--

LOCK TABLES `employee_genders` WRITE;
/*!40000 ALTER TABLE `employee_genders` DISABLE KEYS */;
INSERT INTO `employee_genders` VALUES (1,'male','2025-09-19 01:24:35','2025-09-19 01:24:35'),(2,'female','2025-09-19 01:24:35','2025-09-19 01:24:35');
/*!40000 ALTER TABLE `employee_genders` ENABLE KEYS */;
UNLOCK TABLES;

--
-- Table structure for table `employee_role_types`
--

DROP TABLE IF EXISTS `employee_role_types`;
/*!40101 SET @saved_cs_client     = @@character_set_client */;
/*!50503 SET character_set_client = utf8mb4 */;
CREATE TABLE `employee_role_types` (
  `id` int NOT NULL AUTO_INCREMENT,
  `name` varchar(50) DEFAULT NULL,
  `created_at` timestamp NULL DEFAULT CURRENT_TIMESTAMP,
  `updated_at` timestamp NULL DEFAULT CURRENT_TIMESTAMP ON UPDATE CURRENT_TIMESTAMP,
  PRIMARY KEY (`id`)
) ENGINE=InnoDB AUTO_INCREMENT=4 DEFAULT CHARSET=utf8mb4 COLLATE=utf8mb4_0900_ai_ci;
/*!40101 SET character_set_client = @saved_cs_client */;

--
-- Dumping data for table `employee_role_types`
--

LOCK TABLES `employee_role_types` WRITE;
/*!40000 ALTER TABLE `employee_role_types` DISABLE KEYS */;
INSERT INTO `employee_role_types` VALUES (1,'admin','2025-09-19 01:24:53','2025-09-19 01:24:53'),(2,'intern','2025-09-19 01:24:53','2025-09-19 01:24:53'),(3,'employee','2025-09-19 01:24:53','2025-09-19 01:24:53');
/*!40000 ALTER TABLE `employee_role_types` ENABLE KEYS */;
UNLOCK TABLES;

--
-- Table structure for table `employees`
--

DROP TABLE IF EXISTS `employees`;
/*!40101 SET @saved_cs_client     = @@character_set_client */;
/*!50503 SET character_set_client = utf8mb4 */;
CREATE TABLE `employees` (
  `id` int NOT NULL AUTO_INCREMENT,
  `employee_role_type_id` int DEFAULT NULL,
  `employee_gender_id` int DEFAULT NULL,
  `first_name` varchar(60) DEFAULT NULL,
  `last_name` varchar(60) DEFAULT NULL,
  `email` varchar(60) DEFAULT NULL,
  `password` varchar(255) DEFAULT NULL,
  `created_at` timestamp NULL DEFAULT CURRENT_TIMESTAMP,
  `updated_at` timestamp NULL DEFAULT CURRENT_TIMESTAMP ON UPDATE CURRENT_TIMESTAMP,
  PRIMARY KEY (`id`),
  KEY `employee_role_type_id` (`employee_role_type_id`),
  KEY `employee_gender_id` (`employee_gender_id`)
) ENGINE=InnoDB AUTO_INCREMENT=62 DEFAULT CHARSET=utf8mb4 COLLATE=utf8mb4_0900_ai_ci;
/*!40101 SET character_set_client = @saved_cs_client */;

--
-- Dumping data for table `employees`
--

LOCK TABLES `employees` WRITE;
/*!40000 ALTER TABLE `employees` DISABLE KEYS */;
INSERT INTO `employees` VALUES (1,3,1,'Nemo in quis eu sed ','Sit voluptatem Maio','zudiwah@mailinator.com','$2b$12$FPxvys95jIRQV5vYRp/SJOSiJvwWBsKaPZneq5ssXDqD/lGTBRB7C','2025-09-19 03:21:29','2025-09-19 03:21:29'),(2,2,2,'Commodo iure magnam ','Voluptate autem sapi','wugalymedu@mailinator.com','$2b$12$3p/VAsskipiesTGX9NOViuidGUEdJsNdmYGG2x7/ssTbJ4f7dU0H2','2025-09-19 05:31:56','2025-09-19 05:44:52'),(3,1,2,'Perferendis molestia','Debitis libero at et','maxobi@mailinator.com','$2b$12$GUCPYdpDmiPKZofOh.ucU./w2xWnWSNE6aRQAFCTrq1J3wLDEwYCq','2025-09-19 06:57:44','2025-09-19 06:57:44'),(4,3,2,'Deleniti minim quia ','Excepteur adipisicin','jywys@mailinator.com','$2b$12$gcOEBC1XB809as5aSSF8Ce0I0dNsK7sLmyKV66rAgSEqwzr7qweeS','2025-09-19 07:07:50','2025-09-19 07:07:50'),(5,3,1,'Recusandae Providen','Ut sint sit sunt ni','qureduzic@mailinator.com','$2b$12$px.pdeYL2IduNwyEs56ghOWPoeIIp1g0oIta752Ov6TiZubwIOfGi','2025-09-19 07:25:20','2025-09-19 07:25:20'),(6,1,2,'  eqwwqeq   ','Aliquam do ea conseq','zidypovid@mailinator.com','$2b$12$mONBV9G/VOT6ZIPZiTHHK.FAicOqxDfKIJYho.6NvUsPFAarxcGOS','2025-09-19 07:28:36','2025-09-19 07:28:36'),(7,3,2,' w   eqwe ','Sed deleniti labore ','pyfemar@mailinator.com','$2b$12$grYkoIUP1Rm0PHVaiA6nheJhDvcEBSQs1SwjanDhDMjeBPC.Cz9sS','2025-09-19 07:33:49','2025-09-19 07:33:49'),(8,2,2,'keith micheal','Lachica','ruxyqed@mailinator.com','$2b$12$zCkag3F7EUKSh1eQkUG9H./SYE0ljwNkRVHw4sdLSpm9z3PzFJ9dS','2025-09-22 13:21:08','2025-09-23 09:28:33'),(9,3,2,'rogendher keith ','lachica','rebavohasi@mailinator.com','$2b$12$L3n.ZlcLO/veUf2joq6s3OuMjkll7ZOINen7mOImFps7fa29AUt9i','2025-09-22 13:29:28','2025-09-23 09:27:52'),(10,1,1,'Laborum iste adipisi','Voluptas voluptate s','bapu@mailinator.com','$2b$12$WMt/cOZxZfRc7brnccN8CeW5OsEnuUZxkeDiZBLq9NWkU518diG3.','2025-09-23 12:49:53','2025-09-23 12:49:53'),(11,1,1,'Aliquip et dolores a','Veniam debitis cupi','xaget@mailinator.com','$2b$12$CpTYNSaIsdrB7/cuD/aUx.itFLOrZSzQJn3yzISmoEumZeeEhOJGO','2025-09-23 13:02:07','2025-09-23 13:02:07'),(12,1,2,'Veniam ipsam tenetu','Quo dolores veniam ','gatefa@mailinator.com','$2b$12$CVcJxTBnYSvhombNcQ9BEe9eb/dQq2O5bnPDBxcap47mMpP7wg.ne','2025-09-23 13:14:57','2025-09-23 13:14:57'),(13,2,2,'Qui cupidatat sed re','Voluptate dolor adip','mupiqor@mailinator.com','$2b$12$Z0ZVMv/q2AmeOpDuLEpsYOdZ314LdKDZV/XTR5ZP9ksr8El8M1aNe','2025-09-24 01:37:05','2025-09-24 01:37:05'),(14,2,1,'Consequatur id moles','Voluptas nihil lauda','wafineweq@mailinator.com','$2b$12$.X4kQJpjX82ug3Mp3PIImeuocM7/B6sWJpQuIfR7ry/amon.Z0O5e','2025-09-24 01:44:22','2025-09-24 01:44:22'),(15,1,2,'Cumque dolore explic','Iusto commodi culpa','rapicodyte@mailinator.com','$2b$12$EbKfD12YSdG8GWWZahuSGOcZUj2LbOhlIZwzucmgqGF/3sPfzBFce','2025-09-24 01:58:22','2025-09-24 01:58:22'),(16,3,1,'Vel aute unde dolor ','Quia est et provide','siqel@mailinator.com','$2b$12$3LS1gB9rMkfTIwzb9N/OlO4P3U9m1o6whzU75YN/BsdZqQOfdIZve','2025-09-24 02:00:03','2025-09-24 02:00:03'),(17,2,2,'Dolor numquam qui ma','Odio natus amet bea','feveje@mailinator.com','$2b$12$nuv0rEl/SgkSKG4o2jTd2u6Yfu2VKaggJJRopxRUGs/XwtGrBkNZ2','2025-09-24 02:00:51','2025-09-24 02:00:51'),(18,1,1,'Occaecat aliquip fug','Ex excepturi laborio','rejefutap@mailinator.com','$2b$12$9risZXIeizzVYeXX/WUVsOTQ5bjQ2Zae9Mbp41jU9NWFfF1EP.67W','2025-09-24 02:01:51','2025-09-24 02:01:51'),(19,1,1,'Quae quisquam labori','Reiciendis in illum','mibusyl@mailinator.com','$2b$12$qX5VbsKqPYi/RgpPEAcuJOq/ldXx.SWE2ZLXm2zhxf/gK5/RfXilC','2025-09-24 02:02:13','2025-09-24 02:02:13'),(20,3,1,'Exercitationem fugia','Eligendi nisi non in','nazaceguw@mailinator.com','$2b$12$j9lI0dLx78BEBqN8Fq2hpuE1NuIB8si/PNMUO/myk4wmTbo55/5Ue','2025-09-24 02:02:51','2025-09-24 02:02:51'),(21,1,1,'Ex sunt est reprehen','Sit libero quis min','sidumyh@mailinator.com','$2b$12$fcRDEUakoH0uxI8InOOvl.MsNIZXyAmT65g2hdz269LwlI9uRJ5wu','2025-09-24 02:03:49','2025-09-24 02:03:49'),(22,3,1,'Aut id odit accusamu','Et voluptatem blandi','fehanixuhu@mailinator.com','$2b$12$iFwh4ImDO/louh9np3NDKewO2y1MynCNLotXe/MZWz9KzwT4nsTiS','2025-09-24 02:05:39','2025-09-24 02:05:39'),(23,3,2,'Laudantium anim ver','Eos porro mollit es','zizi@mailinator.com','$2b$12$q8JlHOkPkpvoa/LyGoSyYeOLWFZ4Jtsl65tMOPRmslzHrsOEoaI6O','2025-09-24 02:06:07','2025-09-24 02:06:07'),(24,2,1,'Ea quo ex voluptatum','Id duis hic irure s','mimubotot@mailinator.com','$2b$12$CC.GXVdmeO6/Nh6iNQ3jp.nxCXLuVPiL4M5L6/G17R7nCQzRDDnxu','2025-09-24 02:11:07','2025-09-24 02:11:07'),(25,2,2,'Veniam officia omni','Amet necessitatibus','dagihubybu@mailinator.com','$2b$12$rbCpyQbLfJkbxM8OI7bZ/.7JOdFe.0owx7IwSBVv7U5STRmwKPaxO','2025-09-24 05:20:51','2025-09-24 05:20:51'),(26,1,2,'keith','latest','cebamu@mailinator.com','$2b$12$Zv7YYo4YFfLw/6sE/peoQeFkz8ejhASOb3XOREekk6ApsFJn47CTq','2025-09-24 05:21:23','2025-09-24 05:21:23'),(27,1,1,'Illum quis molestia','Illum in maiores di','duva@mailinator.com','$2b$12$rRrQSk1wUBIswvFV90OiGe4ezBJkLB4pIXS7LbxbP.nnFsGIdAYWa','2025-09-24 05:45:54','2025-09-24 05:45:54'),(28,1,1,'keith','mas latest','wivi@mailinator.com','$2b$12$R/9Szi7LaVX/Qr5zckdDteXJHe2DRzJYR9E8NMhAZO4pBsBnGNgXC','2025-09-24 05:48:29','2025-09-24 05:48:29'),(29,2,1,'Cumque consectetur ','Nam est non inventor','jucigaso@mailinator.com','$2b$12$RlIPp3/SYL4cEdod4VfS.efSb4v7yivXxEip4eLin4yJ9s5N1e5i6','2025-09-24 05:51:42','2025-09-24 05:51:42'),(30,1,2,'Reprehenderit labori','Commodi consectetur ','mituluzeh@mailinator.com','$2b$12$g41GmMsJxkXnMJ2iZ6tVyO0.h/NUzLFwRapvBlPnXvZjoFTKo7ivy','2025-09-24 05:58:09','2025-09-24 05:58:09'),(31,3,2,'Minima proident nos','Nostrud qui in eos ','kyviry@mailinator.com','$2b$12$n0//TktjAXOIwfyh7ySCyuTf.L0IcVueQacEn8HFxMEw1M8itcEWa','2025-09-24 05:58:33','2025-09-24 05:58:33'),(32,2,1,'Quibusdam ipsum impe','Fugiat minim quia i','nycyjasyqo@mailinator.com','$2b$12$O/lVgeqINwICZ4ll/mlcZerOZs.z9St/w1/7FBYYUjBCFtbG2XA5G','2025-09-24 07:07:25','2025-09-24 07:07:25'),(33,2,2,'Omnis eius voluptate','Et praesentium est s','pysa@mailinator.com','$2b$12$xAFQeiBLJ.Axb3O6DhLvZe0Ba/UlT/VPIsfL1LIHxnsS4i0DCrrUS','2025-09-24 07:12:16','2025-09-24 07:12:16'),(34,3,2,'Commodo enim eius et','Est adipisci sit ni','mihika@mailinator.com','$2b$12$U7rvuX50bRVm7GRuQYsuy.dvM7SUyz2t/3BjNIXOKAmhtyASk6pzq','2025-09-24 07:12:44','2025-09-24 07:12:44'),(35,2,2,'Consequat Rerum rer','Ut est consequat Co','popiza@mailinator.com','$2b$12$QI9L3B3gZZA4dFLRq8PI.uvszfnA51yQVb8F/p4xaGnRCwQl5H8ia','2025-09-24 07:13:24','2025-09-24 07:13:24'),(36,3,2,'Nihil ut libero ut s','Est alias tempore ','powujodeg@mailinator.com','$2b$12$a8DYJgtnRHtjdxioDC.w3.enOYmfbYHgB7UbCTXkxfubaMwxHyoI2','2025-09-24 07:13:59','2025-09-24 07:13:59'),(37,2,1,'Rem consectetur quia','Sunt expedita disti','welyqicup@mailinator.com','$2b$12$Ey74iDcxfohTOt3g0haJRugmt45KhGfkRG1ZXPSThG4nygUW0A3yy','2025-09-24 09:53:44','2025-09-24 09:53:44'),(38,2,1,'Tempore reprehender','Porro eos quasi qui','jerulihiz@mailinator.com','$2b$12$nmthbH5EAd0F4LzlxkIR0uO9OJwje.q70pkeimVNXfkXlXxIySLAO','2025-09-24 10:07:20','2025-09-24 10:07:20'),(39,3,1,'Ut quae quia maxime ','Sit aliqua Tempore','fomow@mailinator.com','$2b$12$s6UYIJoHSw05eEtyMwCWae4N3OqrbWdXIcEYwCQcERmfnZzOuHevK','2025-09-24 13:59:26','2025-09-24 13:59:26'),(40,3,2,'Aliquip atque ut eos','Quia qui quia laudan','nabygoj@mailinator.com','$2b$12$NeWLust1D5KYHelbMyyDaO87w1tC3kZA8dWDDyJ2OYsG9FNXWy/Ym','2025-09-24 14:00:35','2025-09-24 14:00:35'),(41,3,2,'Quam distinctio Aut','Est quisquam eaque a','qiwenego@mailinator.com','$2b$12$LcsRQqG1LqENh.jLUpKoOusH2BaIBwFquO8jKexkMirHgBP0l3EBC','2025-09-24 14:01:20','2025-09-24 14:01:20'),(42,2,1,'Non sint minima et ','Quos quasi excepteur','bidipitip@mailinator.com','$2b$12$YRwa2zWGSfcNMjpG7DlxYOfJ/rQEC0Tg.8ho/MIR4Ja0UJer03Jui','2025-09-25 00:29:45','2025-09-25 00:29:45'),(43,1,2,'Corrupti quis et et','Alias enim ut et mol','qasuzofo@mailinator.com','$2b$12$ti37LAVqmPudzJaGrixzHOqKet.1GVK3FIwHUTZjnfiNPTv/Xz5oS','2025-09-25 00:30:22','2025-09-25 00:30:22'),(44,3,1,'Nisi perferendis vol','Deserunt rerum eum d','kyhuwabij@mailinator.com','$2b$12$ItpnMFPbUTa1.1.0d.UZJ.Avjk5xQAsPegiDKZDeaqfn2byNyL4kK','2025-09-25 00:41:08','2025-09-25 00:41:08'),(45,3,2,'Libero cum earum eiu','Nihil enim perspicia','geqisugaju@mailinator.com','$2b$12$dt.KihSSCTJf3RadrWycO..92.vFmhpKO2.0AN6rgqpGscuGI5VRS','2025-09-25 00:50:59','2025-09-25 00:50:59'),(46,3,1,'Non vitae ea adipisc','Esse at quis et ali','vekuvimaba@mailinator.com','$2b$12$sK0Iws3SIe4CICfTReMYG..KtFRaNNhYv2g0baAWPF9wMusVaX6o6','2025-09-25 00:52:47','2025-09-25 00:52:47'),(47,1,2,'Adipisci vel blandit','Sunt eos nihil dele','xylogycu@mailinator.com','$2b$12$Mkan4qZip3ZncfmFN4pAOuJgT0Wsqrhhbt1HUYEVcQdHbBd6jELr2','2025-09-25 01:02:03','2025-09-25 01:02:03'),(48,3,1,'Sit maxime enim ipsu','Officia deserunt dol','refyf@mailinator.com','$2b$12$9cL2UqZ6PoCmSlqNgiMDs.lTtm2kQWMnL5C9Z9XASmcdpwWw1Pvn6','2025-09-25 08:04:09','2025-09-25 08:04:09'),(49,3,1,'Dolore illum eaque ','Quis cumque nobis ei','ledeha@mailinator.com','$2b$12$bHrWXDmE7WQWhJe.tnN6gefwuwIDhuDPh3mEMN5QsBpmFosnYm2JK','2025-09-25 08:13:01','2025-09-25 08:13:01'),(50,3,1,'Et qui magnam necess','Ut aut ad quod id r','cadoqy@mailinator.com','$2b$12$06Xg5221LvAuBwd0lBW8heXJ5YGLZMNnK.EpmiAlevQU52pgLjqQu','2025-09-25 08:46:00','2025-09-25 08:46:00'),(51,3,2,'Ad reprehenderit ea','Adipisci ullamco ver','gerynikiv@mailinator.com','$2b$12$fccMm1Hiz4RIBr30QkIbruDIWLJ0VAc3o3WTpVr0sNIv1RP6z0hAm','2025-09-25 08:51:36','2025-09-25 08:51:36'),(52,2,1,'Iure placeat a eum ','Enim consequatur dui','zefeve@mailinator.com','$2b$12$FEqJr/ZtNnm9B5scov.x3ebosPdmLdKxjuwy7zEw6dS6W1ai7FMDu','2025-09-25 09:24:57','2025-09-25 09:24:57'),(53,3,2,'Quas eaque totam nem','Fugit facilis molli','zujoje@mailinator.com','$2b$12$KtytosiEb.R9JLOCgMR1JOpvSDmiYC5eVUGBOKnl9mOPz4f4IUKVm','2025-09-25 09:46:43','2025-09-25 09:46:43'),(54,3,2,'Consequuntur quia ad','Quam et a sed facili','miwubocora@mailinator.com','$2b$12$kz2vEJsGYLptFUx18slOwuUfW1F8F.BenDfgx7Uqh3WQDKjc.j5Jy','2025-09-25 20:10:17','2025-09-25 20:10:17'),(55,1,2,'Quo sit ad aliqua ','Mollit dicta deserun','wabuh@mailinator.com','$2b$12$rknWJjlQqixahc7i6DrYmuJ7LUi6/e3GkSNbBbEj8pxEIkpvCvD9O','2025-09-25 20:51:31','2025-09-25 20:51:31'),(56,3,1,'Voluptatem voluptati','Non qui accusantium ','hywutowuru@mailinator.com','$2b$12$6atdoMVijBJ5Ri4S637hbebNUzOavQan2uMMQCJbyoby5mIcQkh2e','2025-09-25 20:52:35','2025-09-25 20:52:35'),(57,3,2,'Quod ipsa tempor qu','Tenetur qui accusant','zehegevuc@mailinator.com','$2b$12$g8r/0Y9jLhENf45jAu2NUOb3X6X2173/eousDbwbUee5X/HSlVxr2','2025-09-25 21:44:01','2025-09-25 21:44:01'),(58,3,1,'Quisquam error et si','Neque fugit est ne','kubyf@mailinator.com','$2b$12$CQr3PJ.mBlF4v1qxt7VrrOw50by0rBs3TlC1vml1DrX6hJkUuL9lG','2025-09-26 03:06:38','2025-09-26 03:06:38'),(59,3,2,'Dolor quis in ipsum','Corrupti ex deserun','jaboli@mailinator.com','$2b$12$YIinxQ7WEzbPaCkDWDhvH.r5lqtQKIdhwIYTR/8Cw6g6aXz0RdvdS','2025-09-26 05:18:45','2025-09-26 05:18:45'),(60,2,2,'Distinctio Quia nih','Laboriosam aut iste','kipawes@mailinator.com','$2b$12$LjJpbzXwzvS/z5XkNDgyL.o4BGvMP4lSZxYvM9dR2PFcLzpI72uTW','2025-09-26 07:27:34','2025-09-26 07:27:34'),(61,3,2,'Aute assumenda et se','Voluptatem omnis et','nixytyj@mailinator.com','$2b$12$3M8KILjYibOOm9S2xEdnBOAQHfjpaet7/gPWUYa5dZ7UZ7uDd.brq','2025-09-26 07:28:02','2025-09-26 07:28:02');
/*!40000 ALTER TABLE `employees` ENABLE KEYS */;
UNLOCK TABLES;

--
-- Table structure for table `leave_credits`
--

DROP TABLE IF EXISTS `leave_credits`;
/*!40101 SET @saved_cs_client     = @@character_set_client */;
/*!50503 SET character_set_client = utf8mb4 */;
CREATE TABLE `leave_credits` (
  `id` int NOT NULL AUTO_INCREMENT,
  `employee_id` int DEFAULT NULL,
  `leave_transaction_id` int DEFAULT NULL,
  `attendance_id` int DEFAULT NULL,
  `leave_type_id` int DEFAULT NULL,
  `earned_work_hour_credit` decimal(5,2) DEFAULT NULL,
  `deducted_work_hour_credit` decimal(5,2) DEFAULT NULL,
  `used_work_hour_credit` decimal(5,2) DEFAULT NULL,
  `earned_credit` decimal(7,2) DEFAULT NULL,
  `deducted_credit` decimal(5,2) DEFAULT NULL,
  `used_credit` decimal(7,2) DEFAULT NULL,
  `current_credit` decimal(7,2) DEFAULT NULL,
  `latest_credit` decimal(7,2) DEFAULT NULL,
  `created_at` timestamp NULL DEFAULT CURRENT_TIMESTAMP,
  `updated_at` timestamp NULL DEFAULT CURRENT_TIMESTAMP ON UPDATE CURRENT_TIMESTAMP,
  PRIMARY KEY (`id`),
  KEY `leave_transaction_id` (`leave_transaction_id`),
  KEY `attendance_id` (`attendance_id`),
  KEY `leave_type_id` (`leave_type_id`),
  KEY `employee_id` (`employee_id`)
) ENGINE=InnoDB AUTO_INCREMENT=292 DEFAULT CHARSET=utf8mb4 COLLATE=utf8mb4_0900_ai_ci;
/*!40101 SET character_set_client = @saved_cs_client */;

--
-- Dumping data for table `leave_credits`
--

LOCK TABLES `leave_credits` WRITE;
/*!40000 ALTER TABLE `leave_credits` DISABLE KEYS */;
INSERT INTO `leave_credits` VALUES (1,14,NULL,NULL,1,NULL,NULL,NULL,15.00,NULL,0.00,15.00,15.00,'2025-09-24 01:44:22','2025-09-24 01:44:22'),(2,14,NULL,NULL,2,NULL,NULL,NULL,15.00,NULL,0.00,15.00,15.00,'2025-09-24 01:44:22','2025-09-24 01:44:22'),(3,15,NULL,NULL,NULL,NULL,NULL,NULL,0.00,NULL,0.00,0.00,0.00,'2025-09-24 01:58:22','2025-09-24 01:58:22'),(4,15,NULL,NULL,NULL,NULL,NULL,NULL,0.00,NULL,0.00,0.00,0.00,'2025-09-24 01:58:22','2025-09-24 01:58:22'),(5,16,NULL,NULL,1,NULL,NULL,NULL,15.00,NULL,0.00,15.00,15.00,'2025-09-24 02:00:03','2025-09-24 02:00:03'),(6,16,NULL,NULL,2,NULL,NULL,NULL,15.00,NULL,0.00,15.00,15.00,'2025-09-24 02:00:03','2025-09-24 02:00:03'),(7,18,NULL,NULL,1,NULL,NULL,NULL,15.00,NULL,0.00,15.00,15.00,'2025-09-24 02:01:51','2025-09-24 02:01:51'),(8,18,NULL,NULL,2,NULL,NULL,NULL,15.00,NULL,0.00,15.00,15.00,'2025-09-24 02:01:51','2025-09-24 02:01:51'),(9,19,NULL,NULL,NULL,NULL,NULL,NULL,15.00,NULL,0.00,15.00,15.00,'2025-09-24 02:02:13','2025-09-24 02:02:13'),(10,19,NULL,NULL,NULL,NULL,NULL,NULL,15.00,NULL,0.00,15.00,15.00,'2025-09-24 02:02:13','2025-09-24 02:02:13'),(11,20,NULL,NULL,NULL,NULL,NULL,NULL,15.00,NULL,0.00,15.00,15.00,'2025-09-24 02:02:51','2025-09-24 02:02:51'),(12,20,NULL,NULL,NULL,NULL,NULL,NULL,15.00,NULL,0.00,15.00,15.00,'2025-09-24 02:02:51','2025-09-24 02:02:51'),(13,21,NULL,NULL,NULL,NULL,NULL,NULL,15.00,NULL,0.00,15.00,15.00,'2025-09-24 02:03:49','2025-09-24 02:03:49'),(14,21,NULL,NULL,NULL,NULL,NULL,NULL,15.00,NULL,0.00,15.00,15.00,'2025-09-24 02:03:49','2025-09-24 02:03:49'),(15,22,NULL,NULL,NULL,NULL,NULL,NULL,15.00,NULL,0.00,15.00,15.00,'2025-09-24 02:05:39','2025-09-24 02:05:39'),(16,22,NULL,NULL,NULL,NULL,NULL,NULL,15.00,NULL,0.00,15.00,15.00,'2025-09-24 02:05:39','2025-09-24 02:05:39'),(17,23,NULL,NULL,NULL,NULL,NULL,NULL,15.00,NULL,0.00,15.00,15.00,'2025-09-24 02:06:07','2025-09-24 02:06:07'),(18,23,NULL,NULL,NULL,NULL,NULL,NULL,15.00,NULL,0.00,15.00,15.00,'2025-09-24 02:06:07','2025-09-24 02:06:07'),(19,24,NULL,NULL,1,NULL,NULL,NULL,15.00,NULL,0.00,15.00,15.00,'2025-09-24 02:11:07','2025-09-24 02:11:07'),(20,24,NULL,NULL,2,NULL,NULL,NULL,15.00,NULL,0.00,15.00,15.00,'2025-09-24 02:11:07','2025-09-24 02:11:07'),(21,25,NULL,NULL,1,NULL,NULL,NULL,15.00,NULL,0.00,15.00,15.00,'2025-09-24 05:20:51','2025-09-24 05:20:51'),(22,25,NULL,NULL,2,NULL,NULL,NULL,15.00,NULL,0.00,15.00,15.00,'2025-09-24 05:20:51','2025-09-24 05:20:51'),(23,26,NULL,NULL,1,NULL,NULL,NULL,15.00,NULL,0.00,15.00,15.00,'2025-09-24 05:21:23','2025-09-24 05:21:23'),(24,26,NULL,NULL,2,NULL,NULL,NULL,15.00,NULL,0.00,15.00,15.00,'2025-09-24 05:21:23','2025-09-24 05:21:23'),(25,29,NULL,NULL,1,NULL,NULL,NULL,15.00,NULL,0.00,15.00,15.00,'2025-09-24 05:51:43','2025-09-24 05:51:43'),(26,29,NULL,NULL,2,NULL,NULL,NULL,15.00,NULL,0.00,15.00,15.00,'2025-09-24 05:51:43','2025-09-24 05:51:43'),(27,31,NULL,NULL,1,NULL,NULL,NULL,15.00,NULL,0.00,15.00,15.00,'2025-09-24 05:58:33','2025-09-24 05:58:33'),(28,31,NULL,NULL,2,NULL,NULL,NULL,15.00,NULL,0.00,15.00,15.00,'2025-09-24 05:58:33','2025-09-24 05:58:33'),(29,34,NULL,NULL,1,NULL,NULL,NULL,15.00,0.00,0.00,15.00,15.00,'2025-09-24 07:12:44','2025-09-24 07:12:44'),(30,34,NULL,NULL,2,NULL,NULL,NULL,15.00,0.00,0.00,15.00,15.00,'2025-09-24 07:12:44','2025-09-24 07:12:44'),(31,36,NULL,NULL,1,NULL,NULL,NULL,15.00,0.00,0.00,15.00,15.00,'2025-09-24 07:13:59','2025-09-24 07:13:59'),(32,36,NULL,NULL,2,NULL,NULL,NULL,15.00,0.00,0.00,15.00,15.00,'2025-09-24 07:13:59','2025-09-24 07:13:59'),(33,39,NULL,NULL,1,NULL,NULL,NULL,15.00,0.00,0.00,15.00,15.00,'2025-09-24 13:59:26','2025-09-24 13:59:26'),(34,39,NULL,NULL,2,NULL,NULL,NULL,15.00,0.00,0.00,15.00,15.00,'2025-09-24 13:59:26','2025-09-24 13:59:26'),(35,40,NULL,NULL,1,NULL,NULL,NULL,15.00,0.00,0.00,15.00,15.00,'2025-09-24 14:00:35','2025-09-24 14:00:35'),(36,40,NULL,NULL,2,NULL,NULL,NULL,15.00,0.00,0.00,15.00,15.00,'2025-09-24 14:00:35','2025-09-24 14:00:35'),(37,41,NULL,NULL,1,NULL,NULL,NULL,15.00,0.00,0.00,15.00,15.00,'2025-09-24 14:01:20','2025-09-24 14:01:20'),(38,41,NULL,NULL,2,NULL,NULL,NULL,15.00,0.00,0.00,15.00,15.00,'2025-09-24 14:01:20','2025-09-24 14:01:20'),(39,41,NULL,113,NULL,NULL,NULL,NULL,0.00,0.33,0.00,0.00,-0.33,'2025-09-24 14:01:29','2025-09-24 14:01:29'),(40,41,NULL,114,NULL,NULL,NULL,NULL,0.00,0.33,0.00,0.00,-0.33,'2025-09-24 14:12:01','2025-09-24 14:12:01'),(41,41,NULL,115,NULL,NULL,NULL,NULL,0.81,0.00,0.00,0.00,0.81,'2025-09-24 14:12:37','2025-09-24 14:12:37'),(42,40,NULL,116,NULL,NULL,NULL,NULL,0.00,0.33,0.00,0.00,-0.33,'2025-09-24 14:50:10','2025-09-24 14:50:10'),(43,41,NULL,117,NULL,NULL,NULL,NULL,0.00,0.04,0.00,0.00,-0.04,'2025-09-25 00:16:51','2025-09-25 00:16:51'),(44,44,NULL,NULL,1,NULL,NULL,NULL,15.00,0.00,0.00,15.00,15.00,'2025-09-25 00:41:08','2025-09-25 00:41:08'),(45,44,NULL,NULL,2,NULL,NULL,NULL,15.00,0.00,0.00,15.00,15.00,'2025-09-25 00:41:08','2025-09-25 00:41:08'),(46,45,NULL,NULL,1,NULL,NULL,NULL,15.00,0.00,0.00,15.00,15.00,'2025-09-25 00:50:59','2025-09-25 00:50:59'),(47,45,NULL,NULL,2,NULL,NULL,NULL,15.00,0.00,0.00,15.00,15.00,'2025-09-25 00:50:59','2025-09-25 00:50:59'),(48,46,NULL,NULL,1,NULL,NULL,NULL,15.00,0.00,0.00,15.00,15.00,'2025-09-25 00:52:47','2025-09-25 00:52:47'),(49,46,NULL,NULL,2,NULL,NULL,NULL,15.00,0.00,0.00,15.00,15.00,'2025-09-25 00:52:47','2025-09-25 00:52:47'),(50,46,NULL,120,NULL,NULL,NULL,NULL,0.00,0.33,0.00,0.00,-0.33,'2025-09-25 01:00:49','2025-09-25 01:00:49'),(51,37,NULL,121,NULL,NULL,NULL,NULL,0.00,0.33,0.00,0.00,-0.33,'2025-09-25 01:07:51','2025-09-25 01:07:51'),(52,46,NULL,122,NULL,NULL,NULL,NULL,0.00,0.33,0.00,0.00,-0.33,'2025-09-25 02:16:10','2025-09-25 02:16:10'),(53,46,NULL,123,NULL,NULL,NULL,NULL,0.06,0.00,0.00,0.00,0.06,'2025-09-25 02:16:54','2025-09-25 02:16:54'),(54,29,NULL,124,NULL,NULL,NULL,NULL,0.00,0.33,0.00,0.00,-0.33,'2025-09-25 02:19:09','2025-09-25 02:19:09'),(55,1,NULL,NULL,1,0.00,0.00,0.00,15.00,0.00,0.00,15.00,15.00,'2025-09-25 06:54:00','2025-09-25 06:54:00'),(56,1,NULL,NULL,2,0.00,0.00,0.00,15.00,0.00,0.00,15.00,15.00,'2025-09-25 06:54:00','2025-09-25 06:54:00'),(57,1,NULL,NULL,6,0.00,0.00,0.00,3.00,0.00,0.00,3.00,3.00,'2025-09-25 06:54:00','2025-09-25 06:54:00'),(58,4,NULL,NULL,1,0.00,0.00,0.00,15.00,0.00,0.00,15.00,15.00,'2025-09-25 06:54:00','2025-09-25 06:54:00'),(59,4,NULL,NULL,2,0.00,0.00,0.00,15.00,0.00,0.00,15.00,15.00,'2025-09-25 06:54:00','2025-09-25 06:54:00'),(60,4,NULL,NULL,6,0.00,0.00,0.00,3.00,0.00,0.00,3.00,3.00,'2025-09-25 06:54:00','2025-09-25 06:54:00'),(61,5,NULL,NULL,1,0.00,0.00,0.00,15.00,0.00,0.00,15.00,15.00,'2025-09-25 06:54:00','2025-09-25 06:54:00'),(62,5,NULL,NULL,2,0.00,0.00,0.00,15.00,0.00,0.00,15.00,15.00,'2025-09-25 06:54:00','2025-09-25 06:54:00'),(63,5,NULL,NULL,6,0.00,0.00,0.00,3.00,0.00,0.00,3.00,3.00,'2025-09-25 06:54:00','2025-09-25 06:54:00'),(64,7,NULL,NULL,1,0.00,0.00,0.00,15.00,0.00,0.00,15.00,15.00,'2025-09-25 06:54:00','2025-09-25 06:54:00'),(65,7,NULL,NULL,2,0.00,0.00,0.00,15.00,0.00,0.00,15.00,15.00,'2025-09-25 06:54:00','2025-09-25 06:54:00'),(66,7,NULL,NULL,6,0.00,0.00,0.00,3.00,0.00,0.00,3.00,3.00,'2025-09-25 06:54:00','2025-09-25 06:54:00'),(67,9,NULL,NULL,1,0.00,0.00,0.00,15.00,0.00,0.00,15.00,15.00,'2025-09-25 06:54:00','2025-09-25 06:54:00'),(68,9,NULL,NULL,2,0.00,0.00,0.00,15.00,0.00,0.00,15.00,15.00,'2025-09-25 06:54:00','2025-09-25 06:54:00'),(69,9,NULL,NULL,6,0.00,0.00,0.00,3.00,0.00,0.00,3.00,3.00,'2025-09-25 06:54:00','2025-09-25 06:54:00'),(70,16,NULL,NULL,1,0.00,0.00,0.00,15.00,0.00,0.00,15.00,15.00,'2025-09-25 06:54:00','2025-09-25 06:54:00'),(71,16,NULL,NULL,2,0.00,0.00,0.00,15.00,0.00,0.00,15.00,15.00,'2025-09-25 06:54:00','2025-09-25 06:54:00'),(72,16,NULL,NULL,6,0.00,0.00,0.00,3.00,0.00,0.00,3.00,3.00,'2025-09-25 06:54:00','2025-09-25 06:54:00'),(73,20,NULL,NULL,1,0.00,0.00,0.00,15.00,0.00,0.00,15.00,15.00,'2025-09-25 06:54:00','2025-09-25 06:54:00'),(74,1,NULL,NULL,1,0.00,0.00,0.00,15.00,0.00,0.00,15.00,15.00,'2025-09-25 06:56:00','2025-09-25 06:56:00'),(75,1,NULL,NULL,2,0.00,0.00,0.00,15.00,0.00,0.00,15.00,15.00,'2025-09-25 06:56:00','2025-09-25 06:56:00'),(76,1,NULL,NULL,6,0.00,0.00,0.00,3.00,0.00,0.00,3.00,3.00,'2025-09-25 06:56:00','2025-09-25 06:56:00'),(77,4,NULL,NULL,1,0.00,0.00,0.00,15.00,0.00,0.00,15.00,15.00,'2025-09-25 06:56:00','2025-09-25 06:56:00'),(78,4,NULL,NULL,2,0.00,0.00,0.00,15.00,0.00,0.00,15.00,15.00,'2025-09-25 06:56:00','2025-09-25 06:56:00'),(79,4,NULL,NULL,6,0.00,0.00,0.00,3.00,0.00,0.00,3.00,3.00,'2025-09-25 06:56:00','2025-09-25 06:56:00'),(80,5,NULL,NULL,1,0.00,0.00,0.00,15.00,0.00,0.00,15.00,15.00,'2025-09-25 06:56:00','2025-09-25 06:56:00'),(81,5,NULL,NULL,2,0.00,0.00,0.00,15.00,0.00,0.00,15.00,15.00,'2025-09-25 06:56:00','2025-09-25 06:56:00'),(82,5,NULL,NULL,6,0.00,0.00,0.00,3.00,0.00,0.00,3.00,3.00,'2025-09-25 06:56:00','2025-09-25 06:56:00'),(83,7,NULL,NULL,1,0.00,0.00,0.00,15.00,0.00,0.00,15.00,15.00,'2025-09-25 06:56:00','2025-09-25 06:56:00'),(84,7,NULL,NULL,2,0.00,0.00,0.00,15.00,0.00,0.00,15.00,15.00,'2025-09-25 06:56:00','2025-09-25 06:56:00'),(85,7,NULL,NULL,6,0.00,0.00,0.00,3.00,0.00,0.00,3.00,3.00,'2025-09-25 06:56:00','2025-09-25 06:56:00'),(86,9,NULL,NULL,1,0.00,0.00,0.00,15.00,0.00,0.00,15.00,15.00,'2025-09-25 06:56:00','2025-09-25 06:56:00'),(87,9,NULL,NULL,2,0.00,0.00,0.00,15.00,0.00,0.00,15.00,15.00,'2025-09-25 06:56:00','2025-09-25 06:56:00'),(88,9,NULL,NULL,6,0.00,0.00,0.00,3.00,0.00,0.00,3.00,3.00,'2025-09-25 06:56:00','2025-09-25 06:56:00'),(89,16,NULL,NULL,1,0.00,0.00,0.00,15.00,0.00,0.00,15.00,15.00,'2025-09-25 06:56:00','2025-09-25 06:56:00'),(90,16,NULL,NULL,2,0.00,0.00,0.00,15.00,0.00,0.00,15.00,15.00,'2025-09-25 06:56:00','2025-09-25 06:56:00'),(91,16,NULL,NULL,6,0.00,0.00,0.00,3.00,0.00,0.00,3.00,3.00,'2025-09-25 06:56:00','2025-09-25 06:56:00'),(92,20,NULL,NULL,1,0.00,0.00,0.00,15.00,0.00,0.00,15.00,15.00,'2025-09-25 06:56:00','2025-09-25 06:56:00'),(93,20,NULL,NULL,2,0.00,0.00,0.00,15.00,0.00,0.00,15.00,15.00,'2025-09-25 06:56:00','2025-09-25 06:56:00'),(94,20,NULL,NULL,6,0.00,0.00,0.00,3.00,0.00,0.00,3.00,3.00,'2025-09-25 06:56:00','2025-09-25 06:56:00'),(95,22,NULL,NULL,1,0.00,0.00,0.00,15.00,0.00,0.00,15.00,15.00,'2025-09-25 06:56:00','2025-09-25 06:56:00'),(96,22,NULL,NULL,2,0.00,0.00,0.00,15.00,0.00,0.00,15.00,15.00,'2025-09-25 06:56:00','2025-09-25 06:56:00'),(97,22,NULL,NULL,6,0.00,0.00,0.00,3.00,0.00,0.00,3.00,3.00,'2025-09-25 06:56:00','2025-09-25 06:56:00'),(98,23,NULL,NULL,1,0.00,0.00,0.00,15.00,0.00,0.00,15.00,15.00,'2025-09-25 06:56:00','2025-09-25 06:56:00'),(99,23,NULL,NULL,2,0.00,0.00,0.00,15.00,0.00,0.00,15.00,15.00,'2025-09-25 06:56:00','2025-09-25 06:56:00'),(100,23,NULL,NULL,6,0.00,0.00,0.00,3.00,0.00,0.00,3.00,3.00,'2025-09-25 06:56:00','2025-09-25 06:56:00'),(101,31,NULL,NULL,1,0.00,0.00,0.00,15.00,0.00,0.00,15.00,15.00,'2025-09-25 06:56:00','2025-09-25 06:56:00'),(102,31,NULL,NULL,2,0.00,0.00,0.00,15.00,0.00,0.00,15.00,15.00,'2025-09-25 06:56:00','2025-09-25 06:56:00'),(103,31,NULL,NULL,6,0.00,0.00,0.00,3.00,0.00,0.00,3.00,3.00,'2025-09-25 06:56:00','2025-09-25 06:56:00'),(104,34,NULL,NULL,1,0.00,0.00,0.00,15.00,0.00,0.00,15.00,15.00,'2025-09-25 06:56:00','2025-09-25 06:56:00'),(105,34,NULL,NULL,2,0.00,0.00,0.00,15.00,0.00,0.00,15.00,15.00,'2025-09-25 06:56:00','2025-09-25 06:56:00'),(106,34,NULL,NULL,6,0.00,0.00,0.00,3.00,0.00,0.00,3.00,3.00,'2025-09-25 06:56:00','2025-09-25 06:56:00'),(107,36,NULL,NULL,1,0.00,0.00,0.00,15.00,0.00,0.00,15.00,15.00,'2025-09-25 06:56:00','2025-09-25 06:56:00'),(108,36,NULL,NULL,2,0.00,0.00,0.00,15.00,0.00,0.00,15.00,15.00,'2025-09-25 06:56:00','2025-09-25 06:56:00'),(109,36,NULL,NULL,6,0.00,0.00,0.00,3.00,0.00,0.00,3.00,3.00,'2025-09-25 06:56:00','2025-09-25 06:56:00'),(110,39,NULL,NULL,1,0.00,0.00,0.00,15.00,0.00,0.00,15.00,15.00,'2025-09-25 06:56:00','2025-09-25 06:56:00'),(111,39,NULL,NULL,2,0.00,0.00,0.00,15.00,0.00,0.00,15.00,15.00,'2025-09-25 06:56:00','2025-09-25 06:56:00'),(112,39,NULL,NULL,6,0.00,0.00,0.00,3.00,0.00,0.00,3.00,3.00,'2025-09-25 06:56:00','2025-09-25 06:56:00'),(113,40,NULL,NULL,1,0.00,0.00,0.00,15.00,0.00,0.00,15.00,15.00,'2025-09-25 06:56:00','2025-09-25 06:56:00'),(114,40,NULL,NULL,2,0.00,0.00,0.00,15.00,0.00,0.00,15.00,15.00,'2025-09-25 06:56:00','2025-09-25 06:56:00'),(115,40,NULL,NULL,6,0.00,0.00,0.00,3.00,0.00,0.00,3.00,3.00,'2025-09-25 06:56:00','2025-09-25 06:56:00'),(116,41,NULL,NULL,1,0.00,0.00,0.00,15.00,0.00,0.00,15.00,15.00,'2025-09-25 06:56:00','2025-09-25 06:56:00'),(117,41,NULL,NULL,2,0.00,0.00,0.00,15.00,0.00,0.00,15.00,15.00,'2025-09-25 06:56:00','2025-09-25 06:56:00'),(118,41,NULL,NULL,6,0.00,0.00,0.00,3.00,0.00,0.00,3.00,3.00,'2025-09-25 06:56:00','2025-09-25 06:56:00'),(119,44,NULL,NULL,1,0.00,0.00,0.00,15.00,0.00,0.00,15.00,15.00,'2025-09-25 06:56:00','2025-09-25 06:56:00'),(120,44,NULL,NULL,2,0.00,0.00,0.00,15.00,0.00,0.00,15.00,15.00,'2025-09-25 06:56:00','2025-09-25 06:56:00'),(121,44,NULL,NULL,6,0.00,0.00,0.00,3.00,0.00,0.00,3.00,3.00,'2025-09-25 06:56:00','2025-09-25 06:56:00'),(122,45,NULL,NULL,1,0.00,0.00,0.00,15.00,0.00,0.00,15.00,15.00,'2025-09-25 06:56:00','2025-09-25 06:56:00'),(123,45,NULL,NULL,2,0.00,0.00,0.00,15.00,0.00,0.00,15.00,15.00,'2025-09-25 06:56:00','2025-09-25 06:56:00'),(124,45,NULL,NULL,6,0.00,0.00,0.00,3.00,0.00,0.00,3.00,3.00,'2025-09-25 06:56:00','2025-09-25 06:56:00'),(125,46,NULL,NULL,1,0.00,0.00,0.00,15.00,0.00,0.00,15.00,15.00,'2025-09-25 06:56:00','2025-09-25 06:56:00'),(126,46,NULL,NULL,2,0.00,0.00,0.00,15.00,0.00,0.00,15.00,15.00,'2025-09-25 06:56:00','2025-09-25 06:56:00'),(127,46,NULL,NULL,6,0.00,0.00,0.00,3.00,0.00,0.00,3.00,3.00,'2025-09-25 06:56:00','2025-09-25 06:56:00'),(128,1,NULL,NULL,1,0.00,0.00,0.00,15.00,0.00,0.00,15.00,15.00,'2025-09-25 07:05:00','2025-09-25 07:05:00'),(129,1,NULL,NULL,2,0.00,0.00,0.00,15.00,0.00,0.00,15.00,15.00,'2025-09-25 07:05:00','2025-09-25 07:05:00'),(130,1,NULL,NULL,6,0.00,0.00,0.00,3.00,0.00,0.00,3.00,3.00,'2025-09-25 07:05:00','2025-09-25 07:05:00'),(131,4,NULL,NULL,1,0.00,0.00,0.00,15.00,0.00,0.00,15.00,15.00,'2025-09-25 07:05:00','2025-09-25 07:05:00'),(132,4,NULL,NULL,2,0.00,0.00,0.00,15.00,0.00,0.00,15.00,15.00,'2025-09-25 07:05:00','2025-09-25 07:05:00'),(133,4,NULL,NULL,6,0.00,0.00,0.00,3.00,0.00,0.00,3.00,3.00,'2025-09-25 07:05:00','2025-09-25 07:05:00'),(134,5,NULL,NULL,1,0.00,0.00,0.00,15.00,0.00,0.00,15.00,15.00,'2025-09-25 07:05:00','2025-09-25 07:05:00'),(135,5,NULL,NULL,2,0.00,0.00,0.00,15.00,0.00,0.00,15.00,15.00,'2025-09-25 07:05:00','2025-09-25 07:05:00'),(136,5,NULL,NULL,6,0.00,0.00,0.00,3.00,0.00,0.00,3.00,3.00,'2025-09-25 07:05:00','2025-09-25 07:05:00'),(137,7,NULL,NULL,1,0.00,0.00,0.00,15.00,0.00,0.00,15.00,15.00,'2025-09-25 07:05:00','2025-09-25 07:05:00'),(138,7,NULL,NULL,2,0.00,0.00,0.00,15.00,0.00,0.00,15.00,15.00,'2025-09-25 07:05:00','2025-09-25 07:05:00'),(139,7,NULL,NULL,6,0.00,0.00,0.00,3.00,0.00,0.00,3.00,3.00,'2025-09-25 07:05:00','2025-09-25 07:05:00'),(140,9,NULL,NULL,1,0.00,0.00,0.00,15.00,0.00,0.00,15.00,15.00,'2025-09-25 07:05:00','2025-09-25 07:05:00'),(141,9,NULL,NULL,2,0.00,0.00,0.00,15.00,0.00,0.00,15.00,15.00,'2025-09-25 07:05:00','2025-09-25 07:05:00'),(142,9,NULL,NULL,6,0.00,0.00,0.00,3.00,0.00,0.00,3.00,3.00,'2025-09-25 07:05:00','2025-09-25 07:05:00'),(143,16,NULL,NULL,1,0.00,0.00,0.00,15.00,0.00,0.00,15.00,15.00,'2025-09-25 07:05:00','2025-09-25 07:05:00'),(144,16,NULL,NULL,2,0.00,0.00,0.00,15.00,0.00,0.00,15.00,15.00,'2025-09-25 07:05:00','2025-09-25 07:05:00'),(145,16,NULL,NULL,6,0.00,0.00,0.00,3.00,0.00,0.00,3.00,3.00,'2025-09-25 07:05:00','2025-09-25 07:05:00'),(146,20,NULL,NULL,1,0.00,0.00,0.00,15.00,0.00,0.00,15.00,15.00,'2025-09-25 07:05:00','2025-09-25 07:05:00'),(147,20,NULL,NULL,2,0.00,0.00,0.00,15.00,0.00,0.00,15.00,15.00,'2025-09-25 07:05:00','2025-09-25 07:05:00'),(148,20,NULL,NULL,6,0.00,0.00,0.00,3.00,0.00,0.00,3.00,3.00,'2025-09-25 07:05:00','2025-09-25 07:05:00'),(149,22,NULL,NULL,1,0.00,0.00,0.00,15.00,0.00,0.00,15.00,15.00,'2025-09-25 07:05:00','2025-09-25 07:05:00'),(150,22,NULL,NULL,2,0.00,0.00,0.00,15.00,0.00,0.00,15.00,15.00,'2025-09-25 07:05:00','2025-09-25 07:05:00'),(151,22,NULL,NULL,6,0.00,0.00,0.00,3.00,0.00,0.00,3.00,3.00,'2025-09-25 07:05:00','2025-09-25 07:05:00'),(152,23,NULL,NULL,1,0.00,0.00,0.00,15.00,0.00,0.00,15.00,15.00,'2025-09-25 07:05:00','2025-09-25 07:05:00'),(153,23,NULL,NULL,2,0.00,0.00,0.00,15.00,0.00,0.00,15.00,15.00,'2025-09-25 07:05:00','2025-09-25 07:05:00'),(154,23,NULL,NULL,6,0.00,0.00,0.00,3.00,0.00,0.00,3.00,3.00,'2025-09-25 07:05:00','2025-09-25 07:05:00'),(155,31,NULL,NULL,1,0.00,0.00,0.00,15.00,0.00,0.00,15.00,15.00,'2025-09-25 07:05:00','2025-09-25 07:05:00'),(156,31,NULL,NULL,2,0.00,0.00,0.00,15.00,0.00,0.00,15.00,15.00,'2025-09-25 07:05:00','2025-09-25 07:05:00'),(157,31,NULL,NULL,6,0.00,0.00,0.00,3.00,0.00,0.00,3.00,3.00,'2025-09-25 07:05:00','2025-09-25 07:05:00'),(158,34,NULL,NULL,1,0.00,0.00,0.00,15.00,0.00,0.00,15.00,15.00,'2025-09-25 07:05:00','2025-09-25 07:05:00'),(159,34,NULL,NULL,2,0.00,0.00,0.00,15.00,0.00,0.00,15.00,15.00,'2025-09-25 07:05:00','2025-09-25 07:05:00'),(160,34,NULL,NULL,6,0.00,0.00,0.00,3.00,0.00,0.00,3.00,3.00,'2025-09-25 07:05:00','2025-09-25 07:05:00'),(161,36,NULL,NULL,1,0.00,0.00,0.00,15.00,0.00,0.00,15.00,15.00,'2025-09-25 07:05:00','2025-09-25 07:05:00'),(162,36,NULL,NULL,2,0.00,0.00,0.00,15.00,0.00,0.00,15.00,15.00,'2025-09-25 07:05:00','2025-09-25 07:05:00'),(163,36,NULL,NULL,6,0.00,0.00,0.00,3.00,0.00,0.00,3.00,3.00,'2025-09-25 07:05:00','2025-09-25 07:05:00'),(164,39,NULL,NULL,1,0.00,0.00,0.00,15.00,0.00,0.00,15.00,15.00,'2025-09-25 07:05:00','2025-09-25 07:05:00'),(165,39,NULL,NULL,2,0.00,0.00,0.00,15.00,0.00,0.00,15.00,15.00,'2025-09-25 07:05:00','2025-09-25 07:05:00'),(166,39,NULL,NULL,6,0.00,0.00,0.00,3.00,0.00,0.00,3.00,3.00,'2025-09-25 07:05:00','2025-09-25 07:05:00'),(167,40,NULL,NULL,1,0.00,0.00,0.00,15.00,0.00,0.00,15.00,15.00,'2025-09-25 07:05:00','2025-09-25 07:05:00'),(168,40,NULL,NULL,2,0.00,0.00,0.00,15.00,0.00,0.00,15.00,15.00,'2025-09-25 07:05:00','2025-09-25 07:05:00'),(169,40,NULL,NULL,6,0.00,0.00,0.00,3.00,0.00,0.00,3.00,3.00,'2025-09-25 07:05:00','2025-09-25 07:05:00'),(170,41,NULL,NULL,1,0.00,0.00,0.00,15.00,0.00,0.00,15.00,15.00,'2025-09-25 07:05:00','2025-09-25 07:05:00'),(171,41,NULL,NULL,2,0.00,0.00,0.00,15.00,0.00,0.00,15.00,15.00,'2025-09-25 07:05:00','2025-09-25 07:05:00'),(172,41,NULL,NULL,6,0.00,0.00,0.00,3.00,0.00,0.00,3.00,3.00,'2025-09-25 07:05:00','2025-09-25 07:05:00'),(173,44,NULL,NULL,1,0.00,0.00,0.00,15.00,0.00,0.00,15.00,15.00,'2025-09-25 07:05:00','2025-09-25 07:05:00'),(174,44,NULL,NULL,2,0.00,0.00,0.00,15.00,0.00,0.00,15.00,15.00,'2025-09-25 07:05:00','2025-09-25 07:05:00'),(175,44,NULL,NULL,6,0.00,0.00,0.00,3.00,0.00,0.00,3.00,3.00,'2025-09-25 07:05:00','2025-09-25 07:05:00'),(176,45,NULL,NULL,1,0.00,0.00,0.00,15.00,0.00,0.00,15.00,15.00,'2025-09-25 07:05:00','2025-09-25 07:05:00'),(177,45,NULL,NULL,2,0.00,0.00,0.00,15.00,0.00,0.00,15.00,15.00,'2025-09-25 07:05:00','2025-09-25 07:05:00'),(178,45,NULL,NULL,6,0.00,0.00,0.00,3.00,0.00,0.00,3.00,3.00,'2025-09-25 07:05:00','2025-09-25 07:05:00'),(179,46,NULL,NULL,1,0.00,0.00,0.00,15.00,0.00,0.00,15.00,15.00,'2025-09-25 07:05:00','2025-09-25 07:05:00'),(180,46,NULL,NULL,2,0.00,0.00,0.00,15.00,0.00,0.00,15.00,15.00,'2025-09-25 07:05:00','2025-09-25 07:05:00'),(181,46,NULL,NULL,6,0.00,0.00,0.00,3.00,0.00,0.00,3.00,3.00,'2025-09-25 07:05:00','2025-09-25 07:05:00'),(182,46,NULL,125,NULL,NULL,NULL,NULL,0.00,0.33,0.00,0.00,-0.33,'2025-09-25 07:16:18','2025-09-25 07:16:18'),(183,48,NULL,NULL,1,NULL,NULL,NULL,15.00,0.00,0.00,15.00,15.00,'2025-09-25 08:04:09','2025-09-25 08:04:09'),(184,48,NULL,NULL,2,NULL,NULL,NULL,15.00,0.00,0.00,15.00,15.00,'2025-09-25 08:04:09','2025-09-25 08:04:09'),(185,48,NULL,NULL,14,NULL,NULL,NULL,0.00,0.00,0.00,0.00,15.00,'2025-09-25 08:04:09','2025-09-25 08:04:09'),(186,48,NULL,126,NULL,NULL,NULL,NULL,0.00,0.33,0.00,0.00,-0.33,'2025-09-25 08:04:22','2025-09-25 08:04:22'),(187,49,NULL,NULL,1,NULL,NULL,NULL,15.00,0.00,0.00,15.00,15.00,'2025-09-25 08:13:01','2025-09-25 08:13:01'),(188,49,NULL,NULL,2,NULL,NULL,NULL,15.00,0.00,0.00,15.00,15.00,'2025-09-25 08:13:01','2025-09-25 08:13:01'),(189,50,NULL,NULL,1,NULL,NULL,NULL,15.00,0.00,0.00,15.00,15.00,'2025-09-25 08:46:00','2025-09-25 08:46:00'),(190,50,NULL,NULL,2,NULL,NULL,NULL,15.00,0.00,0.00,15.00,15.00,'2025-09-25 08:46:00','2025-09-25 08:46:00'),(191,50,NULL,127,NULL,NULL,NULL,NULL,0.00,0.33,0.00,0.00,-0.33,'2025-09-25 08:46:07','2025-09-25 08:46:07'),(192,51,NULL,NULL,1,NULL,NULL,NULL,15.00,0.00,0.00,15.00,15.00,'2025-09-25 08:51:36','2025-09-25 08:51:36'),(193,51,NULL,NULL,2,NULL,NULL,NULL,15.00,0.00,0.00,15.00,15.00,'2025-09-25 08:51:36','2025-09-25 08:51:36'),(194,51,NULL,129,NULL,NULL,NULL,NULL,0.00,0.33,0.00,0.00,-0.33,'2025-09-25 08:52:54','2025-09-25 08:52:54'),(195,1,NULL,NULL,1,0.00,0.00,0.00,15.00,0.00,0.00,15.00,15.00,'2025-09-25 09:01:00','2025-09-25 09:01:00'),(196,1,NULL,NULL,2,0.00,0.00,0.00,15.00,0.00,0.00,15.00,15.00,'2025-09-25 09:01:00','2025-09-25 09:01:00'),(197,1,NULL,NULL,6,0.00,0.00,0.00,3.00,0.00,0.00,3.00,3.00,'2025-09-25 09:01:00','2025-09-25 09:01:00'),(198,4,NULL,NULL,1,0.00,0.00,0.00,15.00,0.00,0.00,15.00,15.00,'2025-09-25 09:01:00','2025-09-25 09:01:00'),(199,4,NULL,NULL,2,0.00,0.00,0.00,15.00,0.00,0.00,15.00,15.00,'2025-09-25 09:01:00','2025-09-25 09:01:00'),(200,4,NULL,NULL,6,0.00,0.00,0.00,3.00,0.00,0.00,3.00,3.00,'2025-09-25 09:01:00','2025-09-25 09:01:00'),(201,5,NULL,NULL,1,0.00,0.00,0.00,15.00,0.00,0.00,15.00,15.00,'2025-09-25 09:01:00','2025-09-25 09:01:00'),(202,5,NULL,NULL,2,0.00,0.00,0.00,15.00,0.00,0.00,15.00,15.00,'2025-09-25 09:01:00','2025-09-25 09:01:00'),(203,5,NULL,NULL,6,0.00,0.00,0.00,3.00,0.00,0.00,3.00,3.00,'2025-09-25 09:01:00','2025-09-25 09:01:00'),(204,7,NULL,NULL,1,0.00,0.00,0.00,15.00,0.00,0.00,15.00,15.00,'2025-09-25 09:01:00','2025-09-25 09:01:00'),(205,7,NULL,NULL,2,0.00,0.00,0.00,15.00,0.00,0.00,15.00,15.00,'2025-09-25 09:01:00','2025-09-25 09:01:00'),(206,7,NULL,NULL,6,0.00,0.00,0.00,3.00,0.00,0.00,3.00,3.00,'2025-09-25 09:01:00','2025-09-25 09:01:00'),(207,9,NULL,NULL,1,0.00,0.00,0.00,15.00,0.00,0.00,15.00,15.00,'2025-09-25 09:01:00','2025-09-25 09:01:00'),(208,9,NULL,NULL,2,0.00,0.00,0.00,15.00,0.00,0.00,15.00,15.00,'2025-09-25 09:01:00','2025-09-25 09:01:00'),(209,9,NULL,NULL,6,0.00,0.00,0.00,3.00,0.00,0.00,3.00,3.00,'2025-09-25 09:01:00','2025-09-25 09:01:00'),(210,16,NULL,NULL,1,0.00,0.00,0.00,15.00,0.00,0.00,15.00,15.00,'2025-09-25 09:01:00','2025-09-25 09:01:00'),(211,16,NULL,NULL,2,0.00,0.00,0.00,15.00,0.00,0.00,15.00,15.00,'2025-09-25 09:01:00','2025-09-25 09:01:00'),(212,16,NULL,NULL,6,0.00,0.00,0.00,3.00,0.00,0.00,3.00,3.00,'2025-09-25 09:01:00','2025-09-25 09:01:00'),(213,20,NULL,NULL,1,0.00,0.00,0.00,15.00,0.00,0.00,15.00,15.00,'2025-09-25 09:01:00','2025-09-25 09:01:00'),(214,20,NULL,NULL,2,0.00,0.00,0.00,15.00,0.00,0.00,15.00,15.00,'2025-09-25 09:01:00','2025-09-25 09:01:00'),(215,20,NULL,NULL,6,0.00,0.00,0.00,3.00,0.00,0.00,3.00,3.00,'2025-09-25 09:01:00','2025-09-25 09:01:00'),(216,22,NULL,NULL,1,0.00,0.00,0.00,15.00,0.00,0.00,15.00,15.00,'2025-09-25 09:01:00','2025-09-25 09:01:00'),(217,22,NULL,NULL,2,0.00,0.00,0.00,15.00,0.00,0.00,15.00,15.00,'2025-09-25 09:01:00','2025-09-25 09:01:00'),(218,22,NULL,NULL,6,0.00,0.00,0.00,3.00,0.00,0.00,3.00,3.00,'2025-09-25 09:01:00','2025-09-25 09:01:00'),(219,23,NULL,NULL,1,0.00,0.00,0.00,15.00,0.00,0.00,15.00,15.00,'2025-09-25 09:01:00','2025-09-25 09:01:00'),(220,23,NULL,NULL,2,0.00,0.00,0.00,15.00,0.00,0.00,15.00,15.00,'2025-09-25 09:01:00','2025-09-25 09:01:00'),(221,23,NULL,NULL,6,0.00,0.00,0.00,3.00,0.00,0.00,3.00,3.00,'2025-09-25 09:01:00','2025-09-25 09:01:00'),(222,31,NULL,NULL,1,0.00,0.00,0.00,15.00,0.00,0.00,15.00,15.00,'2025-09-25 09:01:00','2025-09-25 09:01:00'),(223,31,NULL,NULL,2,0.00,0.00,0.00,15.00,0.00,0.00,15.00,15.00,'2025-09-25 09:01:00','2025-09-25 09:01:00'),(224,31,NULL,NULL,6,0.00,0.00,0.00,3.00,0.00,0.00,3.00,3.00,'2025-09-25 09:01:00','2025-09-25 09:01:00'),(225,34,NULL,NULL,1,0.00,0.00,0.00,15.00,0.00,0.00,15.00,15.00,'2025-09-25 09:01:00','2025-09-25 09:01:00'),(226,34,NULL,NULL,2,0.00,0.00,0.00,15.00,0.00,0.00,15.00,15.00,'2025-09-25 09:01:00','2025-09-25 09:01:00'),(227,34,NULL,NULL,6,0.00,0.00,0.00,3.00,0.00,0.00,3.00,3.00,'2025-09-25 09:01:00','2025-09-25 09:01:00'),(228,36,NULL,NULL,1,0.00,0.00,0.00,15.00,0.00,0.00,15.00,15.00,'2025-09-25 09:01:00','2025-09-25 09:01:00'),(229,36,NULL,NULL,2,0.00,0.00,0.00,15.00,0.00,0.00,15.00,15.00,'2025-09-25 09:01:00','2025-09-25 09:01:00'),(230,36,NULL,NULL,6,0.00,0.00,0.00,3.00,0.00,0.00,3.00,3.00,'2025-09-25 09:01:00','2025-09-25 09:01:00'),(231,39,NULL,NULL,1,0.00,0.00,0.00,15.00,0.00,0.00,15.00,15.00,'2025-09-25 09:01:00','2025-09-25 09:01:00'),(232,39,NULL,NULL,2,0.00,0.00,0.00,15.00,0.00,0.00,15.00,15.00,'2025-09-25 09:01:00','2025-09-25 09:01:00'),(233,39,NULL,NULL,6,0.00,0.00,0.00,3.00,0.00,0.00,3.00,3.00,'2025-09-25 09:01:00','2025-09-25 09:01:00'),(234,40,NULL,NULL,1,0.00,0.00,0.00,15.00,0.00,0.00,15.00,15.00,'2025-09-25 09:01:00','2025-09-25 09:01:00'),(235,40,NULL,NULL,2,0.00,0.00,0.00,15.00,0.00,0.00,15.00,15.00,'2025-09-25 09:01:00','2025-09-25 09:01:00'),(236,40,NULL,NULL,6,0.00,0.00,0.00,3.00,0.00,0.00,3.00,3.00,'2025-09-25 09:01:00','2025-09-25 09:01:00'),(237,41,NULL,NULL,1,0.00,0.00,0.00,15.00,0.00,0.00,15.00,15.00,'2025-09-25 09:01:00','2025-09-25 09:01:00'),(238,41,NULL,NULL,2,0.00,0.00,0.00,15.00,0.00,0.00,15.00,15.00,'2025-09-25 09:01:00','2025-09-25 09:01:00'),(239,41,NULL,NULL,6,0.00,0.00,0.00,3.00,0.00,0.00,3.00,3.00,'2025-09-25 09:01:00','2025-09-25 09:01:00'),(240,44,NULL,NULL,1,0.00,0.00,0.00,15.00,0.00,0.00,15.00,15.00,'2025-09-25 09:01:00','2025-09-25 09:01:00'),(241,44,NULL,NULL,2,0.00,0.00,0.00,15.00,0.00,0.00,15.00,15.00,'2025-09-25 09:01:00','2025-09-25 09:01:00'),(242,44,NULL,NULL,6,0.00,0.00,0.00,3.00,0.00,0.00,3.00,3.00,'2025-09-25 09:01:00','2025-09-25 09:01:00'),(243,45,NULL,NULL,1,0.00,0.00,0.00,15.00,0.00,0.00,15.00,15.00,'2025-09-25 09:01:00','2025-09-25 09:01:00'),(244,45,NULL,NULL,2,0.00,0.00,0.00,15.00,0.00,0.00,15.00,15.00,'2025-09-25 09:01:00','2025-09-25 09:01:00'),(245,45,NULL,NULL,6,0.00,0.00,0.00,3.00,0.00,0.00,3.00,3.00,'2025-09-25 09:01:00','2025-09-25 09:01:00'),(246,46,NULL,NULL,1,0.00,0.00,0.00,15.00,0.00,0.00,15.00,15.00,'2025-09-25 09:01:00','2025-09-25 09:01:00'),(247,46,NULL,NULL,2,0.00,0.00,0.00,15.00,0.00,0.00,15.00,15.00,'2025-09-25 09:01:00','2025-09-25 09:01:00'),(248,46,NULL,NULL,6,0.00,0.00,0.00,3.00,0.00,0.00,3.00,3.00,'2025-09-25 09:01:00','2025-09-25 09:01:00'),(249,48,NULL,NULL,1,0.00,0.00,0.00,15.00,0.00,0.00,15.00,15.00,'2025-09-25 09:01:00','2025-09-25 09:01:00'),(250,48,NULL,NULL,2,0.00,0.00,0.00,15.00,0.00,0.00,15.00,15.00,'2025-09-25 09:01:00','2025-09-25 09:01:00'),(251,48,NULL,NULL,6,0.00,0.00,0.00,3.00,0.00,0.00,3.00,3.00,'2025-09-25 09:01:00','2025-09-25 09:01:00'),(252,49,NULL,NULL,1,0.00,0.00,0.00,15.00,0.00,0.00,15.00,15.00,'2025-09-25 09:01:00','2025-09-25 09:01:00'),(253,49,NULL,NULL,2,0.00,0.00,0.00,15.00,0.00,0.00,15.00,15.00,'2025-09-25 09:01:00','2025-09-25 09:01:00'),(254,49,NULL,NULL,6,0.00,0.00,0.00,3.00,0.00,0.00,3.00,3.00,'2025-09-25 09:01:00','2025-09-25 09:01:00'),(255,50,NULL,NULL,1,0.00,0.00,0.00,15.00,0.00,0.00,15.00,15.00,'2025-09-25 09:01:00','2025-09-25 09:01:00'),(256,50,NULL,NULL,2,0.00,0.00,0.00,15.00,0.00,0.00,15.00,15.00,'2025-09-25 09:01:00','2025-09-25 09:01:00'),(257,50,NULL,NULL,6,0.00,0.00,0.00,3.00,0.00,0.00,3.00,3.00,'2025-09-25 09:01:00','2025-09-25 09:01:00'),(258,51,NULL,NULL,1,0.00,0.00,0.00,15.00,0.00,0.00,15.00,15.00,'2025-09-25 09:01:00','2025-09-25 09:01:00'),(259,51,NULL,NULL,2,0.00,0.00,0.00,15.00,0.00,0.00,15.00,15.00,'2025-09-25 09:01:00','2025-09-25 09:01:00'),(260,51,NULL,NULL,6,0.00,0.00,0.00,3.00,0.00,0.00,3.00,3.00,'2025-09-25 09:01:00','2025-09-25 09:01:00'),(261,52,NULL,130,NULL,NULL,NULL,NULL,0.00,0.33,0.00,0.00,-0.33,'2025-09-25 09:32:32','2025-09-25 09:32:32'),(262,53,NULL,NULL,1,NULL,NULL,NULL,15.00,0.00,0.00,15.00,15.00,'2025-09-25 09:46:43','2025-09-25 09:46:43'),(263,53,NULL,NULL,2,NULL,NULL,NULL,15.00,0.00,0.00,15.00,15.00,'2025-09-25 09:46:43','2025-09-25 09:46:43'),(264,54,NULL,NULL,1,NULL,NULL,NULL,NULL,NULL,0.00,NULL,15.00,'2025-09-25 20:10:17','2025-09-25 20:10:17'),(265,54,NULL,NULL,2,NULL,NULL,NULL,NULL,NULL,0.00,NULL,15.00,'2025-09-25 20:10:17','2025-09-25 20:10:17'),(266,23,3,NULL,3,NULL,NULL,NULL,NULL,NULL,0.00,NULL,3.00,'2025-09-25 20:20:27','2025-09-25 20:20:27'),(267,54,4,NULL,5,NULL,NULL,NULL,NULL,NULL,1.00,NULL,14.00,'2025-09-25 20:21:05','2025-09-25 20:21:05'),(268,54,5,NULL,4,NULL,NULL,NULL,NULL,NULL,0.00,NULL,14.00,'2025-09-25 20:26:06','2025-09-25 20:26:06'),(269,54,6,NULL,8,NULL,NULL,NULL,NULL,NULL,6.00,NULL,8.00,'2025-09-25 20:27:34','2025-09-25 20:27:34'),(270,54,7,NULL,6,NULL,NULL,NULL,NULL,NULL,0.00,NULL,8.00,'2025-09-25 20:29:34','2025-09-25 20:29:34'),(271,54,8,NULL,12,NULL,NULL,NULL,NULL,NULL,0.00,NULL,8.00,'2025-09-25 20:31:55','2025-09-25 20:31:55'),(272,54,9,NULL,6,NULL,NULL,NULL,NULL,NULL,1.00,NULL,7.00,'2025-09-25 20:32:19','2025-09-25 20:32:19'),(273,54,10,NULL,7,NULL,NULL,NULL,NULL,NULL,0.00,NULL,7.00,'2025-09-25 20:42:50','2025-09-25 20:42:50'),(274,54,11,NULL,6,NULL,NULL,NULL,NULL,NULL,2.00,NULL,5.00,'2025-09-25 20:43:28','2025-09-25 20:43:28'),(275,54,12,NULL,12,NULL,NULL,NULL,NULL,NULL,0.00,NULL,5.00,'2025-09-25 20:44:20','2025-09-25 20:44:20'),(276,54,20,NULL,5,NULL,NULL,NULL,NULL,0.00,1.00,2.00,1.00,'2025-09-25 20:44:46','2025-09-25 21:34:08'),(277,56,NULL,NULL,1,NULL,NULL,NULL,NULL,NULL,0.00,NULL,15.00,'2025-09-25 20:52:35','2025-09-25 20:52:35'),(278,56,14,NULL,6,NULL,NULL,NULL,NULL,0.00,2.00,15.00,11.00,'2025-09-25 20:52:35','2025-09-25 20:54:33'),(279,56,21,NULL,6,NULL,NULL,NULL,NULL,0.00,2.00,6.00,4.00,'2025-09-25 21:00:44','2025-09-25 21:34:30'),(280,57,NULL,NULL,1,NULL,NULL,NULL,NULL,NULL,0.00,NULL,15.00,'2025-09-25 21:44:01','2025-09-25 21:44:01'),(281,57,NULL,NULL,2,NULL,NULL,NULL,NULL,NULL,0.00,NULL,15.00,'2025-09-25 21:44:01','2025-09-25 21:44:01'),(282,57,NULL,NULL,NULL,NULL,NULL,NULL,NULL,NULL,0.00,NULL,-0.33,'2025-09-25 23:09:49','2025-09-25 23:09:49'),(283,56,NULL,NULL,NULL,NULL,NULL,NULL,NULL,NULL,0.00,NULL,-0.33,'2025-09-26 02:26:23','2025-09-26 02:26:23'),(284,52,NULL,NULL,NULL,NULL,NULL,NULL,NULL,NULL,0.00,NULL,-0.33,'2025-09-26 02:40:34','2025-09-26 02:40:34'),(285,58,NULL,NULL,1,NULL,NULL,NULL,NULL,NULL,0.00,NULL,15.00,'2025-09-26 03:06:38','2025-09-26 03:06:38'),(286,58,34,NULL,2,NULL,NULL,NULL,NULL,7.00,7.00,69.00,62.00,'2025-09-26 03:06:38','2025-09-26 03:59:01'),(287,58,NULL,NULL,NULL,NULL,NULL,NULL,NULL,NULL,0.00,NULL,-0.29,'2025-09-26 05:09:47','2025-09-26 05:09:47'),(288,59,NULL,NULL,1,NULL,NULL,NULL,NULL,NULL,17.00,NULL,-2.00,'2025-09-26 05:18:45','2025-09-26 07:56:51'),(289,59,NULL,NULL,2,NULL,NULL,NULL,NULL,NULL,8.67,NULL,6.33,'2025-09-26 05:18:45','2025-09-26 08:02:48'),(290,61,NULL,NULL,1,NULL,NULL,NULL,NULL,NULL,0.00,NULL,15.00,'2025-09-26 07:28:02','2025-09-26 07:28:02'),(291,61,NULL,NULL,2,NULL,NULL,NULL,NULL,NULL,0.00,NULL,15.00,'2025-09-26 07:28:02','2025-09-26 07:28:02');
/*!40000 ALTER TABLE `leave_credits` ENABLE KEYS */;
UNLOCK TABLES;

--
-- Table structure for table `leave_transaction_statuses`
--

DROP TABLE IF EXISTS `leave_transaction_statuses`;
/*!40101 SET @saved_cs_client     = @@character_set_client */;
/*!50503 SET character_set_client = utf8mb4 */;
CREATE TABLE `leave_transaction_statuses` (
  `id` int NOT NULL AUTO_INCREMENT,
  `name` varchar(45) DEFAULT NULL,
  `created_at` timestamp NULL DEFAULT CURRENT_TIMESTAMP,
  `updated_at` timestamp NULL DEFAULT CURRENT_TIMESTAMP ON UPDATE CURRENT_TIMESTAMP,
  PRIMARY KEY (`id`)
) ENGINE=InnoDB AUTO_INCREMENT=6 DEFAULT CHARSET=utf8mb4 COLLATE=utf8mb4_0900_ai_ci;
/*!40101 SET character_set_client = @saved_cs_client */;

--
-- Dumping data for table `leave_transaction_statuses`
--

LOCK TABLES `leave_transaction_statuses` WRITE;
/*!40000 ALTER TABLE `leave_transaction_statuses` DISABLE KEYS */;
INSERT INTO `leave_transaction_statuses` VALUES (1,'pending','2025-09-19 01:24:06','2025-09-19 01:24:06'),(2,'approved','2025-09-19 01:24:06','2025-09-19 01:24:06'),(3,'cancelled','2025-09-19 01:24:06','2025-09-19 01:24:06'),(4,'rejected','2025-09-19 01:24:06','2025-09-19 01:24:06'),(5,'requested','2025-09-24 07:21:26','2025-09-24 07:21:26');
/*!40000 ALTER TABLE `leave_transaction_statuses` ENABLE KEYS */;
UNLOCK TABLES;

--
-- Table structure for table `leave_transactions`
--

DROP TABLE IF EXISTS `leave_transactions`;
/*!40101 SET @saved_cs_client     = @@character_set_client */;
/*!50503 SET character_set_client = utf8mb4 */;
CREATE TABLE `leave_transactions` (
  `id` int NOT NULL AUTO_INCREMENT,
  `leave_transaction_status_id` int DEFAULT NULL,
  `employee_id` int DEFAULT NULL,
  `leave_type_id` int DEFAULT NULL,
  `approved_by_id` int DEFAULT NULL,
  `rewarded_by_id` int DEFAULT NULL,
  `reason` varchar(200) DEFAULT NULL,
  `total_leave` decimal(5,2) DEFAULT NULL,
  `is_weekend` tinyint(1) DEFAULT NULL,
  `is_active` tinyint(1) DEFAULT NULL,
  `start_date` datetime DEFAULT NULL,
  `end_date` datetime DEFAULT NULL,
  `filed_date` datetime DEFAULT NULL,
  `approve_date` datetime DEFAULT NULL,
  `year` year DEFAULT NULL,
  `created_at` timestamp NULL DEFAULT CURRENT_TIMESTAMP,
  `updated_at` timestamp NULL DEFAULT NULL,
  PRIMARY KEY (`id`),
  KEY `leave_transaction_status_id` (`leave_transaction_status_id`),
  KEY `employee_id` (`employee_id`),
  KEY `approved_by_id` (`approved_by_id`),
  KEY `rewarded_by_id` (`rewarded_by_id`),
  KEY `leave_type_id` (`leave_type_id`)
) ENGINE=MyISAM AUTO_INCREMENT=54 DEFAULT CHARSET=utf8mb4 COLLATE=utf8mb4_0900_ai_ci;
/*!40101 SET character_set_client = @saved_cs_client */;

--
-- Dumping data for table `leave_transactions`
--

LOCK TABLES `leave_transactions` WRITE;
/*!40000 ALTER TABLE `leave_transactions` DISABLE KEYS */;
INSERT INTO `leave_transactions` VALUES (1,2,2,9,NULL,NULL,'qew',5.00,0,1,'2025-10-02 00:00:00','2025-10-07 00:00:00','2025-09-26 04:08:36',NULL,2025,'2025-09-25 20:08:36','2025-09-26 03:36:40'),(2,2,1,6,NULL,NULL,'ewwqe',1.00,0,1,'2025-09-29 00:00:00','2025-09-30 00:00:00','2025-09-26 04:09:52',NULL,2025,'2025-09-25 20:09:52','2025-09-26 03:36:42'),(3,2,23,3,NULL,NULL,'weqqw',0.00,0,1,'2025-09-26 00:00:00','2025-09-26 00:00:00','2025-09-26 04:20:27',NULL,2025,'2025-09-25 20:20:27','2025-09-26 03:36:43'),(4,2,54,5,NULL,NULL,'qew',1.00,0,1,'2025-09-29 00:00:00','2025-09-30 00:00:00','2025-09-26 04:21:05',NULL,2025,'2025-09-25 20:21:05','2025-09-26 03:36:43'),(5,2,54,4,NULL,NULL,'ewqw',0.00,0,1,'2025-09-26 00:00:00','2025-09-26 00:00:00','2025-09-26 04:26:06',NULL,2025,'2025-09-25 20:26:06','2025-09-26 03:36:44'),(6,2,54,8,NULL,NULL,'eqwe',6.00,0,1,'2025-10-31 00:00:00','2025-11-06 00:00:00','2025-09-26 04:27:34',NULL,2025,'2025-09-25 20:27:34','2025-09-26 03:36:45'),(7,2,54,6,NULL,NULL,'wqwe',0.00,0,1,'2025-10-03 00:00:00','2025-10-03 00:00:00','2025-09-26 04:29:34',NULL,2025,'2025-09-25 20:29:34','2025-09-26 03:36:46'),(8,2,54,12,NULL,NULL,'wqeq',0.00,0,1,'2025-09-26 00:00:00','2025-09-26 00:00:00','2025-09-26 04:31:55',NULL,2025,'2025-09-25 20:31:55','2025-09-26 03:36:47'),(9,2,54,6,NULL,NULL,'ewq',1.00,0,1,'2025-09-29 00:00:00','2025-09-30 00:00:00','2025-09-26 04:32:20',NULL,2025,'2025-09-25 20:32:19','2025-09-26 03:36:48'),(10,2,54,7,NULL,NULL,'qwewq',0.00,0,1,'2025-10-03 00:00:00','2025-10-03 00:00:00','2025-09-26 04:42:51',NULL,2025,'2025-09-25 20:42:50','2025-09-26 03:36:49'),(11,2,54,6,NULL,NULL,'qweqw',2.00,0,1,'2025-09-29 00:00:00','2025-10-01 00:00:00','2025-09-26 04:43:28',NULL,2025,'2025-09-25 20:43:28','2025-09-26 03:36:50'),(12,2,54,12,NULL,NULL,'qewwqw',0.00,0,1,'2025-09-26 00:00:00','2025-09-26 00:00:00','2025-09-26 04:44:21',NULL,2025,'2025-09-25 20:44:20','2025-09-26 03:36:52'),(13,3,54,9,NULL,NULL,'qewewq',3.00,0,1,'2025-09-26 00:00:00','2025-09-29 00:00:00','2025-09-26 04:44:46',NULL,2025,'2025-09-25 20:44:46','2025-09-25 23:51:20'),(14,2,56,6,NULL,NULL,'eqwe',2.00,0,1,'2025-09-29 00:00:00','2025-10-01 00:00:00','2025-09-26 04:54:33',NULL,2025,'2025-09-25 20:54:33','2025-09-25 23:51:06'),(15,2,56,6,NULL,NULL,'eqwe',0.00,0,1,'2025-09-29 00:00:00','2025-09-29 00:00:00','2025-09-26 05:00:45',NULL,2025,'2025-09-25 21:00:44','2025-09-25 23:51:05'),(16,2,56,7,NULL,NULL,'eqw',3.00,0,1,'2025-10-03 00:00:00','2025-10-06 00:00:00','2025-09-26 05:02:21',NULL,2025,'2025-09-25 21:02:20','2025-09-25 23:50:59'),(17,2,56,6,NULL,NULL,'eqwe',1.00,0,1,'2025-09-29 00:00:00','2025-09-30 00:00:00','2025-09-26 05:07:59',NULL,2025,'2025-09-25 21:07:58','2025-09-25 23:51:05'),(18,2,56,6,NULL,NULL,'eqweq',2.00,0,1,'2025-09-29 00:00:00','2025-10-01 00:00:00','2025-09-26 05:09:49',NULL,2025,'2025-09-25 21:09:49','2025-09-25 21:09:49'),(19,2,56,12,NULL,NULL,'ewqeqe',1.00,0,1,'2025-10-02 00:00:00','2025-10-03 00:00:00','2025-09-26 05:32:25',NULL,2025,'2025-09-25 21:32:25','2025-09-26 03:36:31'),(20,2,54,5,NULL,NULL,'ewqe',1.00,0,1,'2025-09-30 00:00:00','2025-10-01 00:00:00','2025-09-26 05:34:08',NULL,2025,'2025-09-25 21:34:08','2025-09-25 21:34:08'),(21,2,56,6,NULL,NULL,'ewqe',2.00,0,1,'2025-09-29 00:00:00','2025-10-01 00:00:00','2025-09-26 05:34:30',NULL,2025,'2025-09-25 21:34:30','2025-09-25 21:34:30'),(22,2,55,3,NULL,NULL,'ewq',0.00,0,1,'2025-09-29 00:00:00','2025-09-29 00:00:00','2025-09-26 08:37:06',NULL,2025,'2025-09-26 00:37:05','2025-09-26 00:37:05'),(23,0,NULL,NULL,NULL,NULL,NULL,NULL,NULL,NULL,NULL,NULL,NULL,NULL,NULL,'2025-09-26 02:31:16',NULL),(24,0,NULL,NULL,NULL,NULL,NULL,NULL,NULL,NULL,NULL,NULL,NULL,NULL,NULL,'2025-09-26 02:31:16',NULL),(25,2,55,6,NULL,NULL,'wewqewq',0.00,0,1,'2025-09-29 00:00:00','2025-09-29 00:00:00','2025-09-26 10:45:01',NULL,2025,'2025-09-26 02:45:00','2025-09-26 02:45:00'),(26,2,58,1,NULL,NULL,'wewqe',10.00,0,1,'2025-10-03 00:00:00','2025-10-13 00:00:00','2025-09-26 11:19:42',NULL,2025,'2025-09-26 03:19:42','2025-09-26 03:19:42'),(27,2,58,1,NULL,NULL,'eqwewe',10.00,0,1,'2026-07-06 00:00:00','2026-07-16 00:00:00','2025-09-26 11:27:02',NULL,2025,'2025-09-26 03:27:01','2025-09-26 03:27:01'),(28,2,58,14,NULL,NULL,'wqweq',3.00,0,1,'2025-09-29 00:00:00','2025-10-02 00:00:00','2025-09-26 11:39:34',NULL,2025,'2025-09-26 03:39:34','2025-09-26 03:39:34'),(29,2,58,1,NULL,NULL,'ewwqeqw',4.00,0,1,'2025-10-03 00:00:00','2025-10-07 00:00:00','2025-09-26 11:42:44',NULL,2025,'2025-09-26 03:42:43','2025-09-26 03:42:43'),(30,2,58,1,NULL,NULL,'ewqewq',0.00,0,1,'2025-10-03 00:00:00','2025-10-03 00:00:00','2025-09-26 11:43:22',NULL,2025,'2025-09-26 03:43:21','2025-09-26 03:43:21'),(31,2,58,1,NULL,NULL,'eqwewqe',7.00,0,1,'2025-10-03 00:00:00','2025-10-10 00:00:00','2025-09-26 11:43:35',NULL,2025,'2025-09-26 03:43:35','2025-09-26 03:43:35'),(32,2,58,2,NULL,NULL,'ewqewq',7.00,0,1,'2025-10-03 00:00:00','2025-10-10 00:00:00','2025-09-26 11:45:02',NULL,2025,'2025-09-26 03:45:02','2025-09-26 03:45:19'),(33,2,58,1,NULL,NULL,'eqwewq',0.00,0,1,'2025-10-03 00:00:00','2025-10-03 00:00:00','2025-09-26 11:51:24',NULL,2025,'2025-09-26 03:51:24','2025-09-26 05:37:54'),(34,2,58,2,NULL,NULL,'qweqweq',7.00,0,1,'2025-10-03 00:00:00','2025-10-10 00:00:00','2025-09-26 11:59:01',NULL,2025,'2025-09-26 03:59:01','2025-09-26 05:37:54'),(35,2,58,1,NULL,NULL,'eqwewq',4.00,0,1,'2025-10-03 00:00:00','2025-10-07 00:00:00','2025-09-26 12:07:18',NULL,2025,'2025-09-26 04:07:18','2025-09-26 05:37:53'),(36,2,58,2,NULL,NULL,'ewqewqe',0.00,0,1,'2025-11-03 00:00:00','2025-11-03 00:00:00','2025-09-26 12:07:39',NULL,2025,'2025-09-26 04:07:38','2025-09-26 05:37:52'),(37,2,58,2,NULL,NULL,'ewqewq',7.00,0,1,'2025-09-26 00:00:00','2025-10-03 00:00:00','2025-09-26 12:07:54',NULL,2025,'2025-09-26 04:07:54','2025-09-26 05:37:51'),(38,2,58,2,NULL,NULL,'ewqewqe',7.00,0,1,'2025-09-26 00:00:00','2025-10-03 00:00:00','2025-09-26 12:08:12',NULL,2025,'2025-09-26 04:08:12','2025-09-26 05:37:50'),(39,2,58,2,NULL,NULL,'eqwewqe',5.00,0,1,'2025-10-03 00:00:00','2025-10-08 00:00:00','2025-09-26 12:10:42',NULL,2025,'2025-09-26 04:10:41','2025-09-26 05:37:50'),(40,2,58,1,NULL,NULL,'ewqeq',7.00,0,1,'2025-10-03 00:00:00','2025-10-10 00:00:00','2025-09-26 12:10:51',NULL,2025,'2025-09-26 04:10:51','2025-09-26 05:37:49'),(41,2,59,2,NULL,NULL,'qweqwe',4.00,0,1,'2025-09-26 00:00:00','2025-09-30 00:00:00','2025-09-26 13:19:18',NULL,2025,'2025-09-26 05:19:18','2025-09-26 05:37:47'),(42,2,59,2,NULL,NULL,'awewq',7.00,0,1,'2025-09-26 00:00:00','2025-10-03 00:00:00','2025-09-26 13:19:34',NULL,2025,'2025-09-26 05:19:33','2025-09-26 05:37:46'),(43,2,59,2,NULL,NULL,'ewqe',4.00,0,1,'2025-10-23 00:00:00','2025-10-27 00:00:00','2025-09-26 13:28:19',NULL,2025,'2025-09-26 05:28:19','2025-09-26 05:37:45'),(44,2,55,3,NULL,NULL,'ewqeq',1.00,0,1,'2025-09-29 00:00:00','2025-09-30 00:00:00','2025-09-26 13:37:33',NULL,2025,'2025-09-26 05:37:33','2025-09-26 05:37:43'),(45,2,55,7,NULL,NULL,'ewqeqe',0.00,0,1,'2025-10-03 00:00:00','2025-10-03 00:00:00','2025-09-26 13:38:42',NULL,2025,'2025-09-26 05:38:41','2025-09-26 05:38:45'),(46,2,55,6,NULL,NULL,'ewqeqwe',2.00,0,1,'2025-09-29 00:00:00','2025-10-01 00:00:00','2025-09-26 13:39:29',NULL,2025,'2025-09-26 05:39:29','2025-09-26 05:39:35'),(47,2,59,2,NULL,NULL,'ewqeqe',3.67,0,1,'2025-09-22 00:00:00','2025-09-26 00:00:00','2025-09-26 14:02:06',NULL,2025,'2025-09-26 06:02:05','2025-09-26 06:02:14'),(48,2,59,2,NULL,NULL,'ewqewq',1.00,0,1,'2025-09-22 00:00:00','2025-09-23 00:00:00','2025-09-26 14:06:44',NULL,2025,'2025-09-26 06:06:43','2025-09-26 06:46:20'),(49,4,59,1,NULL,NULL,'ewqeqe',7.00,0,1,'2025-10-03 00:00:00','2025-10-10 00:00:00','2025-09-26 14:48:06',NULL,2025,'2025-09-26 06:48:05','2025-09-26 07:15:14'),(50,2,59,1,NULL,NULL,'ewqewq',7.00,0,1,'2025-10-03 00:00:00','2025-10-10 00:00:00','2025-09-26 15:22:40',NULL,2025,'2025-09-26 07:22:40','2025-09-26 07:47:39'),(51,2,59,1,NULL,NULL,'wqeqe',10.00,0,1,'2026-01-02 00:00:00','2026-01-12 00:00:00','2025-09-26 15:54:15',NULL,2025,'2025-09-26 07:54:15','2025-09-26 07:56:51'),(52,2,59,1,NULL,NULL,'eqwewq',5.00,0,1,'2025-10-03 00:00:00','2025-10-08 00:00:00','2025-09-26 16:00:31',NULL,2025,'2025-09-26 08:00:30','2025-09-26 08:01:06'),(53,2,59,2,NULL,NULL,'ewqewq',3.67,0,1,'2025-09-22 00:00:00','2025-09-26 00:00:00','2025-09-26 16:02:42',NULL,2025,'2025-09-26 08:02:41','2025-09-26 08:02:48');
/*!40000 ALTER TABLE `leave_transactions` ENABLE KEYS */;
UNLOCK TABLES;

--
-- Table structure for table `leave_type_grant_types`
--

DROP TABLE IF EXISTS `leave_type_grant_types`;
/*!40101 SET @saved_cs_client     = @@character_set_client */;
/*!50503 SET character_set_client = utf8mb4 */;
CREATE TABLE `leave_type_grant_types` (
  `id` int NOT NULL AUTO_INCREMENT,
  `name` varchar(50) DEFAULT NULL,
  `created_at` varchar(45) DEFAULT 'CURRENT_TIMESTAMP',
  `updated_at` varchar(45) DEFAULT 'CURRENT_TIMESTAMP ON UPDATE CURRENT_TIMESTAMP',
  PRIMARY KEY (`id`)
) ENGINE=InnoDB AUTO_INCREMENT=4 DEFAULT CHARSET=utf8mb4 COLLATE=utf8mb4_0900_ai_ci;
/*!40101 SET character_set_client = @saved_cs_client */;

--
-- Dumping data for table `leave_type_grant_types`
--

LOCK TABLES `leave_type_grant_types` WRITE;
/*!40000 ALTER TABLE `leave_type_grant_types` DISABLE KEYS */;
INSERT INTO `leave_type_grant_types` VALUES (1,'rewarded','CURRENT_TIMESTAMP','CURRENT_TIMESTAMP ON UPDATE CURRENT_TIMESTAMP'),(2,'default','CURRENT_TIMESTAMP','CURRENT_TIMESTAMP ON UPDATE CURRENT_TIMESTAMP'),(3,'special','CURRENT_TIMESTAMP','CURRENT_TIMESTAMP ON UPDATE CURRENT_TIMESTAMP');
/*!40000 ALTER TABLE `leave_type_grant_types` ENABLE KEYS */;
UNLOCK TABLES;

--
-- Table structure for table `leave_type_rules`
--

DROP TABLE IF EXISTS `leave_type_rules`;
/*!40101 SET @saved_cs_client     = @@character_set_client */;
/*!50503 SET character_set_client = utf8mb4 */;
CREATE TABLE `leave_type_rules` (
  `id` int NOT NULL AUTO_INCREMENT,
  `name` varchar(50) DEFAULT NULL,
  `created_at` timestamp NULL DEFAULT CURRENT_TIMESTAMP,
  `updated_at` timestamp NULL DEFAULT CURRENT_TIMESTAMP ON UPDATE CURRENT_TIMESTAMP,
  PRIMARY KEY (`id`)
) ENGINE=InnoDB AUTO_INCREMENT=4 DEFAULT CHARSET=utf8mb4 COLLATE=utf8mb4_0900_ai_ci;
/*!40101 SET character_set_client = @saved_cs_client */;

--
-- Dumping data for table `leave_type_rules`
--

LOCK TABLES `leave_type_rules` WRITE;
/*!40000 ALTER TABLE `leave_type_rules` DISABLE KEYS */;
INSERT INTO `leave_type_rules` VALUES (1,'future_date','2025-09-19 01:06:45','2025-09-19 01:06:45'),(2,'past_date','2025-09-19 01:06:45','2025-09-19 01:06:45'),(3,'present_date','2025-09-19 01:06:45','2025-09-19 01:06:45');
/*!40000 ALTER TABLE `leave_type_rules` ENABLE KEYS */;
UNLOCK TABLES;

--
-- Table structure for table `leave_types`
--

DROP TABLE IF EXISTS `leave_types`;
/*!40101 SET @saved_cs_client     = @@character_set_client */;
/*!50503 SET character_set_client = utf8mb4 */;
CREATE TABLE `leave_types` (
  `id` int NOT NULL AUTO_INCREMENT,
  `leave_type_rule_id` int DEFAULT NULL,
  `leave_type_grant_type_id` int DEFAULT NULL,
  `name` varchar(60) DEFAULT NULL,
  `base_value` decimal(5,2) DEFAULT NULL,
  `notice_day` decimal(5,2) DEFAULT NULL,
  `is_carried_over` tinyint(1) DEFAULT NULL,
  `is_active` tinyint(1) DEFAULT '1',
  `created_at` timestamp NULL DEFAULT CURRENT_TIMESTAMP,
  `updated_at` timestamp NULL DEFAULT CURRENT_TIMESTAMP ON UPDATE CURRENT_TIMESTAMP,
  PRIMARY KEY (`id`),
  KEY `leave_type_rule_id` (`leave_type_rule_id`),
  KEY `leave_type_grant_type_id` (`leave_type_grant_type_id`)
) ENGINE=InnoDB AUTO_INCREMENT=15 DEFAULT CHARSET=utf8mb4 COLLATE=utf8mb4_0900_ai_ci;
/*!40101 SET character_set_client = @saved_cs_client */;

--
-- Dumping data for table `leave_types`
--

LOCK TABLES `leave_types` WRITE;
/*!40000 ALTER TABLE `leave_types` DISABLE KEYS */;
INSERT INTO `leave_types` VALUES (1,1,2,'Vacation Leave (VL)',15.00,7.00,1,1,'2025-09-19 01:08:23','2025-09-25 03:33:44'),(2,3,2,'Sick Leave (SL)',15.00,-5.00,1,1,'2025-09-19 01:09:25','2025-09-25 21:12:25'),(3,3,1,'Mandatory/Forced Leave',10.00,1.00,0,1,'2025-09-19 01:10:07','2025-09-25 21:13:01'),(4,3,1,'Maternity Leave',60.00,3.00,0,1,'2025-09-19 01:12:31','2025-09-25 21:13:01'),(5,1,1,'Paternity Leave',7.00,1.00,0,1,'2025-09-19 01:12:31','2025-09-19 01:17:34'),(6,1,3,'Special Privilege Leave',3.00,3.00,0,1,'2025-09-19 01:13:48','2025-09-19 01:17:34'),(7,1,1,'Solo Parent Leave',7.00,7.00,0,1,'2025-09-19 01:14:40','2025-09-19 01:17:34'),(8,1,1,'Study Leave',180.00,30.00,0,1,'2025-09-19 01:17:34','2025-09-19 01:17:34'),(9,1,1,'10-Day VAWC (Violence Against Women and Children) Leave',10.00,3.00,0,1,'2025-09-19 01:18:21','2025-09-25 21:13:01'),(10,1,1,'Rehabilitation Leave',180.00,5.00,0,1,'2025-09-19 01:19:04','2025-09-19 01:19:04'),(11,1,3,'Special Leave Benefits for Women',60.00,5.00,0,1,'2025-09-19 01:21:01','2025-09-19 01:21:01'),(12,3,3,'Special Emergency/Calamity Leave',5.00,3.00,0,1,'2025-09-19 01:21:01','2025-09-25 21:13:01'),(13,1,1,'Adoption Leave',60.00,7.00,0,1,'2025-09-19 01:21:01','2025-09-19 01:21:01'),(14,3,2,'Compensatory Leave',0.00,3.00,1,1,'2025-09-19 01:21:49','2025-09-25 21:13:01');
/*!40000 ALTER TABLE `leave_types` ENABLE KEYS */;
UNLOCK TABLES;
/*!40103 SET TIME_ZONE=@OLD_TIME_ZONE */;

/*!40101 SET SQL_MODE=@OLD_SQL_MODE */;
/*!40014 SET FOREIGN_KEY_CHECKS=@OLD_FOREIGN_KEY_CHECKS */;
/*!40014 SET UNIQUE_CHECKS=@OLD_UNIQUE_CHECKS */;
/*!40101 SET CHARACTER_SET_CLIENT=@OLD_CHARACTER_SET_CLIENT */;
/*!40101 SET CHARACTER_SET_RESULTS=@OLD_CHARACTER_SET_RESULTS */;
/*!40101 SET COLLATION_CONNECTION=@OLD_COLLATION_CONNECTION */;
/*!40111 SET SQL_NOTES=@OLD_SQL_NOTES */;

-- Dump completed on 2025-09-26 16:33:24
